text,label_text,label
The article argues that urban heat islands can be treated as a mind‑independent entity whose properties remain stable across contexts.,Realism,0
The article argues that gene expression noise can be treated as a mind‑independent entity whose properties remain stable across contexts.,Realism,0
"Through rigorous empirical measurement, our study demonstrates the existence of micro‑plastic dispersion, independent of observer expectations.",Realism,0
The article argues that urban heat islands can be treated as a mind‑independent entity whose properties remain stable across contexts.,Realism,0
"Through rigorous empirical measurement, our study demonstrates the existence of quantum decoherence, independent of observer expectations.",Realism,0
"Through rigorous empirical measurement, our study demonstrates the existence of dark matter halos, independent of observer expectations.",Realism,0
The article argues that dark matter halos can be treated as a mind‑independent entity whose properties remain stable across contexts.,Realism,0
"Through rigorous empirical measurement, our study demonstrates the existence of AI‑driven diagnosis, independent of observer expectations.",Realism,0
"Through rigorous empirical measurement, our study demonstrates the existence of micro‑plastic dispersion, independent of observer expectations.",Realism,0
High‑precision spectroscopy confirms that the underlying gene expression noise operates according to discoverable causal mechanisms.,Realism,0
"Through rigorous empirical measurement, our study demonstrates the existence of blockchain adoption, independent of observer expectations.",Realism,0
"Through rigorous empirical measurement, our study demonstrates the existence of renewable energy uptake, independent of observer expectations.",Realism,0
High‑precision spectroscopy confirms that the underlying blockchain adoption operates according to discoverable causal mechanisms.,Realism,0
"Through rigorous empirical measurement, our study demonstrates the existence of AI‑driven diagnosis, independent of observer expectations.",Realism,0
High‑precision spectroscopy confirms that the underlying urban heat islands operates according to discoverable causal mechanisms.,Realism,0
The article argues that blockchain adoption can be treated as a mind‑independent entity whose properties remain stable across contexts.,Realism,0
The article argues that urban heat islands can be treated as a mind‑independent entity whose properties remain stable across contexts.,Realism,0
The article argues that dark matter halos can be treated as a mind‑independent entity whose properties remain stable across contexts.,Realism,0
"Through rigorous empirical measurement, our study demonstrates the existence of dark matter halos, independent of observer expectations.",Realism,0
High‑precision spectroscopy confirms that the underlying gene expression noise operates according to discoverable causal mechanisms.,Realism,0
The article argues that blockchain adoption can be treated as a mind‑independent entity whose properties remain stable across contexts.,Realism,0
High‑precision spectroscopy confirms that the underlying blockchain adoption operates according to discoverable causal mechanisms.,Realism,0
The article argues that gene expression noise can be treated as a mind‑independent entity whose properties remain stable across contexts.,Realism,0
The article argues that micro‑plastic dispersion can be treated as a mind‑independent entity whose properties remain stable across contexts.,Realism,0
"Through rigorous empirical measurement, our study demonstrates the existence of AI‑driven diagnosis, independent of observer expectations.",Realism,0
High‑precision spectroscopy confirms that the underlying dark matter halos operates according to discoverable causal mechanisms.,Realism,0
"Through rigorous empirical measurement, our study demonstrates the existence of dark matter halos, independent of observer expectations.",Realism,0
High‑precision spectroscopy confirms that the underlying renewable energy uptake operates according to discoverable causal mechanisms.,Realism,0
"Through rigorous empirical measurement, our study demonstrates the existence of dark matter halos, independent of observer expectations.",Realism,0
"Through rigorous empirical measurement, our study demonstrates the existence of AI‑driven diagnosis, independent of observer expectations.",Realism,0
The article argues that AI‑driven diagnosis can be treated as a mind‑independent entity whose properties remain stable across contexts.,Realism,0
High‑precision spectroscopy confirms that the underlying micro‑plastic dispersion operates according to discoverable causal mechanisms.,Realism,0
The article argues that gene expression noise can be treated as a mind‑independent entity whose properties remain stable across contexts.,Realism,0
The article argues that renewable energy uptake can be treated as a mind‑independent entity whose properties remain stable across contexts.,Realism,0
"Through rigorous empirical measurement, our study demonstrates the existence of micro‑plastic dispersion, independent of observer expectations.",Realism,0
"Through rigorous empirical measurement, our study demonstrates the existence of quantum decoherence, independent of observer expectations.",Realism,0
"Through rigorous empirical measurement, our study demonstrates the existence of micro‑plastic dispersion, independent of observer expectations.",Realism,0
The article argues that urban heat islands can be treated as a mind‑independent entity whose properties remain stable across contexts.,Realism,0
High‑precision spectroscopy confirms that the underlying AI‑driven diagnosis operates according to discoverable causal mechanisms.,Realism,0
The article argues that quantum decoherence can be treated as a mind‑independent entity whose properties remain stable across contexts.,Realism,0
The article argues that gene expression noise can be treated as a mind‑independent entity whose properties remain stable across contexts.,Realism,0
"Through rigorous empirical measurement, our study demonstrates the existence of gene expression noise, independent of observer expectations.",Realism,0
"Through rigorous empirical measurement, our study demonstrates the existence of AI‑driven diagnosis, independent of observer expectations.",Realism,0
The article argues that gene expression noise can be treated as a mind‑independent entity whose properties remain stable across contexts.,Realism,0
The article argues that urban heat islands can be treated as a mind‑independent entity whose properties remain stable across contexts.,Realism,0
The article argues that dark matter halos can be treated as a mind‑independent entity whose properties remain stable across contexts.,Realism,0
High‑precision spectroscopy confirms that the underlying micro‑plastic dispersion operates according to discoverable causal mechanisms.,Realism,0
The article argues that blockchain adoption can be treated as a mind‑independent entity whose properties remain stable across contexts.,Realism,0
"Through rigorous empirical measurement, our study demonstrates the existence of urban heat islands, independent of observer expectations.",Realism,0
High‑precision spectroscopy confirms that the underlying dark matter halos operates according to discoverable causal mechanisms.,Realism,0
"Through rigorous empirical measurement, our study demonstrates the existence of urban heat islands, independent of observer expectations.",Realism,0
The article argues that AI‑driven diagnosis can be treated as a mind‑independent entity whose properties remain stable across contexts.,Realism,0
The article argues that micro‑plastic dispersion can be treated as a mind‑independent entity whose properties remain stable across contexts.,Realism,0
The article argues that AI‑driven diagnosis can be treated as a mind‑independent entity whose properties remain stable across contexts.,Realism,0
High‑precision spectroscopy confirms that the underlying renewable energy uptake operates according to discoverable causal mechanisms.,Realism,0
The article argues that dark matter halos can be treated as a mind‑independent entity whose properties remain stable across contexts.,Realism,0
High‑precision spectroscopy confirms that the underlying blockchain adoption operates according to discoverable causal mechanisms.,Realism,0
The article argues that AI‑driven diagnosis can be treated as a mind‑independent entity whose properties remain stable across contexts.,Realism,0
"Through rigorous empirical measurement, our study demonstrates the existence of dark matter halos, independent of observer expectations.",Realism,0
High‑precision spectroscopy confirms that the underlying quantum decoherence operates according to discoverable causal mechanisms.,Realism,0
The article argues that dark matter halos can be treated as a mind‑independent entity whose properties remain stable across contexts.,Realism,0
"Through rigorous empirical measurement, our study demonstrates the existence of quantum decoherence, independent of observer expectations.",Realism,0
"Through rigorous empirical measurement, our study demonstrates the existence of quantum decoherence, independent of observer expectations.",Realism,0
"Through rigorous empirical measurement, our study demonstrates the existence of dark matter halos, independent of observer expectations.",Realism,0
The article argues that AI‑driven diagnosis can be treated as a mind‑independent entity whose properties remain stable across contexts.,Realism,0
The article argues that micro‑plastic dispersion can be treated as a mind‑independent entity whose properties remain stable across contexts.,Realism,0
"Through rigorous empirical measurement, our study demonstrates the existence of AI‑driven diagnosis, independent of observer expectations.",Realism,0
"Through rigorous empirical measurement, our study demonstrates the existence of urban heat islands, independent of observer expectations.",Realism,0
The article argues that renewable energy uptake can be treated as a mind‑independent entity whose properties remain stable across contexts.,Realism,0
High‑precision spectroscopy confirms that the underlying renewable energy uptake operates according to discoverable causal mechanisms.,Realism,0
The article argues that quantum decoherence can be treated as a mind‑independent entity whose properties remain stable across contexts.,Realism,0
"Through rigorous empirical measurement, our study demonstrates the existence of renewable energy uptake, independent of observer expectations.",Realism,0
"Through rigorous empirical measurement, our study demonstrates the existence of dark matter halos, independent of observer expectations.",Realism,0
"Through rigorous empirical measurement, our study demonstrates the existence of AI‑driven diagnosis, independent of observer expectations.",Realism,0
High‑precision spectroscopy confirms that the underlying micro‑plastic dispersion operates according to discoverable causal mechanisms.,Realism,0
High‑precision spectroscopy confirms that the underlying dark matter halos operates according to discoverable causal mechanisms.,Realism,0
High‑precision spectroscopy confirms that the underlying urban heat islands operates according to discoverable causal mechanisms.,Realism,0
The article argues that quantum decoherence can be treated as a mind‑independent entity whose properties remain stable across contexts.,Realism,0
"Through rigorous empirical measurement, our study demonstrates the existence of micro‑plastic dispersion, independent of observer expectations.",Realism,0
High‑precision spectroscopy confirms that the underlying AI‑driven diagnosis operates according to discoverable causal mechanisms.,Realism,0
High‑precision spectroscopy confirms that the underlying quantum decoherence operates according to discoverable causal mechanisms.,Realism,0
High‑precision spectroscopy confirms that the underlying quantum decoherence operates according to discoverable causal mechanisms.,Realism,0
High‑precision spectroscopy confirms that the underlying AI‑driven diagnosis operates according to discoverable causal mechanisms.,Realism,0
High‑precision spectroscopy confirms that the underlying AI‑driven diagnosis operates according to discoverable causal mechanisms.,Realism,0
"Through rigorous empirical measurement, our study demonstrates the existence of gene expression noise, independent of observer expectations.",Realism,0
"Through rigorous empirical measurement, our study demonstrates the existence of quantum decoherence, independent of observer expectations.",Realism,0
"Through rigorous empirical measurement, our study demonstrates the existence of quantum decoherence, independent of observer expectations.",Realism,0
The article argues that micro‑plastic dispersion can be treated as a mind‑independent entity whose properties remain stable across contexts.,Realism,0
The article argues that urban heat islands can be treated as a mind‑independent entity whose properties remain stable across contexts.,Realism,0
"Through rigorous empirical measurement, our study demonstrates the existence of urban heat islands, independent of observer expectations.",Realism,0
High‑precision spectroscopy confirms that the underlying urban heat islands operates according to discoverable causal mechanisms.,Realism,0
The article argues that quantum decoherence can be treated as a mind‑independent entity whose properties remain stable across contexts.,Realism,0
High‑precision spectroscopy confirms that the underlying blockchain adoption operates according to discoverable causal mechanisms.,Realism,0
"Through rigorous empirical measurement, our study demonstrates the existence of blockchain adoption, independent of observer expectations.",Realism,0
High‑precision spectroscopy confirms that the underlying renewable energy uptake operates according to discoverable causal mechanisms.,Realism,0
The article argues that gene expression noise can be treated as a mind‑independent entity whose properties remain stable across contexts.,Realism,0
High‑precision spectroscopy confirms that the underlying urban heat islands operates according to discoverable causal mechanisms.,Realism,0
High‑precision spectroscopy confirms that the underlying urban heat islands operates according to discoverable causal mechanisms.,Realism,0
The article argues that dark matter halos can be treated as a mind‑independent entity whose properties remain stable across contexts.,Realism,0
"Through rigorous empirical measurement, our study demonstrates the existence of blockchain adoption, independent of observer expectations.",Realism,0
"Through rigorous empirical measurement, our study demonstrates the existence of blockchain adoption, independent of observer expectations.",Realism,0
"Through rigorous empirical measurement, our study demonstrates the existence of AI‑driven diagnosis, independent of observer expectations.",Realism,0
The article argues that quantum decoherence can be treated as a mind‑independent entity whose properties remain stable across contexts.,Realism,0
The article argues that urban heat islands can be treated as a mind‑independent entity whose properties remain stable across contexts.,Realism,0
High‑precision spectroscopy confirms that the underlying urban heat islands operates according to discoverable causal mechanisms.,Realism,0
The article argues that micro‑plastic dispersion can be treated as a mind‑independent entity whose properties remain stable across contexts.,Realism,0
High‑precision spectroscopy confirms that the underlying dark matter halos operates according to discoverable causal mechanisms.,Realism,0
"Through rigorous empirical measurement, our study demonstrates the existence of gene expression noise, independent of observer expectations.",Realism,0
High‑precision spectroscopy confirms that the underlying quantum decoherence operates according to discoverable causal mechanisms.,Realism,0
The article argues that renewable energy uptake can be treated as a mind‑independent entity whose properties remain stable across contexts.,Realism,0
"Through rigorous empirical measurement, our study demonstrates the existence of quantum decoherence, independent of observer expectations.",Realism,0
"Through rigorous empirical measurement, our study demonstrates the existence of gene expression noise, independent of observer expectations.",Realism,0
The article argues that AI‑driven diagnosis can be treated as a mind‑independent entity whose properties remain stable across contexts.,Realism,0
The article argues that quantum decoherence can be treated as a mind‑independent entity whose properties remain stable across contexts.,Realism,0
"Through rigorous empirical measurement, our study demonstrates the existence of micro‑plastic dispersion, independent of observer expectations.",Realism,0
High‑precision spectroscopy confirms that the underlying micro‑plastic dispersion operates according to discoverable causal mechanisms.,Realism,0
"Through rigorous empirical measurement, our study demonstrates the existence of quantum decoherence, independent of observer expectations.",Realism,0
High‑precision spectroscopy confirms that the underlying quantum decoherence operates according to discoverable causal mechanisms.,Realism,0
"Through rigorous empirical measurement, our study demonstrates the existence of dark matter halos, independent of observer expectations.",Realism,0
High‑precision spectroscopy confirms that the underlying renewable energy uptake operates according to discoverable causal mechanisms.,Realism,0
"Through rigorous empirical measurement, our study demonstrates the existence of micro‑plastic dispersion, independent of observer expectations.",Realism,0
High‑precision spectroscopy confirms that the underlying quantum decoherence operates according to discoverable causal mechanisms.,Realism,0
The article argues that blockchain adoption can be treated as a mind‑independent entity whose properties remain stable across contexts.,Realism,0
The article argues that dark matter halos can be treated as a mind‑independent entity whose properties remain stable across contexts.,Realism,0
"Through rigorous empirical measurement, our study demonstrates the existence of urban heat islands, independent of observer expectations.",Realism,0
We show how the meaning of AI‑driven diagnosis emerges from social negotiation within the open‑source software community.,Constructivism,1
We show how the meaning of AI‑driven diagnosis emerges from social negotiation within the precision agriculture community.,Constructivism,1
The findings illustrate that scientific facts about dark matter halos are co‑constructed through language and historical contingencies.,Constructivism,1
We show how the meaning of dark matter halos emerges from social negotiation within the neuroscience community.,Constructivism,1
The findings illustrate that scientific facts about gene expression noise are co‑constructed through language and historical contingencies.,Constructivism,1
The findings illustrate that scientific facts about blockchain adoption are co‑constructed through language and historical contingencies.,Constructivism,1
Our analysis reveals that categories surrounding blockchain adoption depend on culturally specific practices.,Constructivism,1
We show how the meaning of gene expression noise emerges from social negotiation within the open‑source software community.,Constructivism,1
Our analysis reveals that categories surrounding gene expression noise depend on culturally specific practices.,Constructivism,1
We show how the meaning of renewable energy uptake emerges from social negotiation within the precision agriculture community.,Constructivism,1
Our analysis reveals that categories surrounding blockchain adoption depend on culturally specific practices.,Constructivism,1
Our analysis reveals that categories surrounding urban heat islands depend on culturally specific practices.,Constructivism,1
Our analysis reveals that categories surrounding dark matter halos depend on culturally specific practices.,Constructivism,1
We show how the meaning of renewable energy uptake emerges from social negotiation within the ecological economics community.,Constructivism,1
Our analysis reveals that categories surrounding dark matter halos depend on culturally specific practices.,Constructivism,1
The findings illustrate that scientific facts about urban heat islands are co‑constructed through language and historical contingencies.,Constructivism,1
Our analysis reveals that categories surrounding blockchain adoption depend on culturally specific practices.,Constructivism,1
Our analysis reveals that categories surrounding gene expression noise depend on culturally specific practices.,Constructivism,1
Our analysis reveals that categories surrounding renewable energy uptake depend on culturally specific practices.,Constructivism,1
The findings illustrate that scientific facts about gene expression noise are co‑constructed through language and historical contingencies.,Constructivism,1
We show how the meaning of renewable energy uptake emerges from social negotiation within the neuroscience community.,Constructivism,1
Our analysis reveals that categories surrounding micro‑plastic dispersion depend on culturally specific practices.,Constructivism,1
The findings illustrate that scientific facts about quantum decoherence are co‑constructed through language and historical contingencies.,Constructivism,1
The findings illustrate that scientific facts about dark matter halos are co‑constructed through language and historical contingencies.,Constructivism,1
Our analysis reveals that categories surrounding blockchain adoption depend on culturally specific practices.,Constructivism,1
The findings illustrate that scientific facts about AI‑driven diagnosis are co‑constructed through language and historical contingencies.,Constructivism,1
Our analysis reveals that categories surrounding AI‑driven diagnosis depend on culturally specific practices.,Constructivism,1
Our analysis reveals that categories surrounding urban heat islands depend on culturally specific practices.,Constructivism,1
Our analysis reveals that categories surrounding blockchain adoption depend on culturally specific practices.,Constructivism,1
We show how the meaning of gene expression noise emerges from social negotiation within the open‑source software community.,Constructivism,1
We show how the meaning of micro‑plastic dispersion emerges from social negotiation within the ecological economics community.,Constructivism,1
We show how the meaning of dark matter halos emerges from social negotiation within the neuroscience community.,Constructivism,1
Our analysis reveals that categories surrounding urban heat islands depend on culturally specific practices.,Constructivism,1
The findings illustrate that scientific facts about dark matter halos are co‑constructed through language and historical contingencies.,Constructivism,1
The findings illustrate that scientific facts about renewable energy uptake are co‑constructed through language and historical contingencies.,Constructivism,1
We show how the meaning of quantum decoherence emerges from social negotiation within the ecological economics community.,Constructivism,1
The findings illustrate that scientific facts about dark matter halos are co‑constructed through language and historical contingencies.,Constructivism,1
Our analysis reveals that categories surrounding AI‑driven diagnosis depend on culturally specific practices.,Constructivism,1
Our analysis reveals that categories surrounding dark matter halos depend on culturally specific practices.,Constructivism,1
The findings illustrate that scientific facts about micro‑plastic dispersion are co‑constructed through language and historical contingencies.,Constructivism,1
Our analysis reveals that categories surrounding blockchain adoption depend on culturally specific practices.,Constructivism,1
Our analysis reveals that categories surrounding renewable energy uptake depend on culturally specific practices.,Constructivism,1
We show how the meaning of AI‑driven diagnosis emerges from social negotiation within the neuroscience community.,Constructivism,1
The findings illustrate that scientific facts about dark matter halos are co‑constructed through language and historical contingencies.,Constructivism,1
Our analysis reveals that categories surrounding AI‑driven diagnosis depend on culturally specific practices.,Constructivism,1
The findings illustrate that scientific facts about AI‑driven diagnosis are co‑constructed through language and historical contingencies.,Constructivism,1
Our analysis reveals that categories surrounding gene expression noise depend on culturally specific practices.,Constructivism,1
The findings illustrate that scientific facts about blockchain adoption are co‑constructed through language and historical contingencies.,Constructivism,1
Our analysis reveals that categories surrounding urban heat islands depend on culturally specific practices.,Constructivism,1
We show how the meaning of dark matter halos emerges from social negotiation within the neuroscience community.,Constructivism,1
Our analysis reveals that categories surrounding micro‑plastic dispersion depend on culturally specific practices.,Constructivism,1
We show how the meaning of renewable energy uptake emerges from social negotiation within the neuroscience community.,Constructivism,1
The findings illustrate that scientific facts about AI‑driven diagnosis are co‑constructed through language and historical contingencies.,Constructivism,1
We show how the meaning of dark matter halos emerges from social negotiation within the neuroscience community.,Constructivism,1
The findings illustrate that scientific facts about quantum decoherence are co‑constructed through language and historical contingencies.,Constructivism,1
The findings illustrate that scientific facts about quantum decoherence are co‑constructed through language and historical contingencies.,Constructivism,1
The findings illustrate that scientific facts about renewable energy uptake are co‑constructed through language and historical contingencies.,Constructivism,1
Our analysis reveals that categories surrounding dark matter halos depend on culturally specific practices.,Constructivism,1
We show how the meaning of gene expression noise emerges from social negotiation within the neuroscience community.,Constructivism,1
The findings illustrate that scientific facts about quantum decoherence are co‑constructed through language and historical contingencies.,Constructivism,1
The findings illustrate that scientific facts about renewable energy uptake are co‑constructed through language and historical contingencies.,Constructivism,1
The findings illustrate that scientific facts about micro‑plastic dispersion are co‑constructed through language and historical contingencies.,Constructivism,1
The findings illustrate that scientific facts about quantum decoherence are co‑constructed through language and historical contingencies.,Constructivism,1
Our analysis reveals that categories surrounding renewable energy uptake depend on culturally specific practices.,Constructivism,1
The findings illustrate that scientific facts about micro‑plastic dispersion are co‑constructed through language and historical contingencies.,Constructivism,1
The findings illustrate that scientific facts about renewable energy uptake are co‑constructed through language and historical contingencies.,Constructivism,1
We show how the meaning of AI‑driven diagnosis emerges from social negotiation within the precision agriculture community.,Constructivism,1
The findings illustrate that scientific facts about renewable energy uptake are co‑constructed through language and historical contingencies.,Constructivism,1
The findings illustrate that scientific facts about gene expression noise are co‑constructed through language and historical contingencies.,Constructivism,1
The findings illustrate that scientific facts about quantum decoherence are co‑constructed through language and historical contingencies.,Constructivism,1
The findings illustrate that scientific facts about dark matter halos are co‑constructed through language and historical contingencies.,Constructivism,1
Our analysis reveals that categories surrounding quantum decoherence depend on culturally specific practices.,Constructivism,1
We show how the meaning of dark matter halos emerges from social negotiation within the ecological economics community.,Constructivism,1
Our analysis reveals that categories surrounding micro‑plastic dispersion depend on culturally specific practices.,Constructivism,1
We show how the meaning of AI‑driven diagnosis emerges from social negotiation within the ecological economics community.,Constructivism,1
Our analysis reveals that categories surrounding dark matter halos depend on culturally specific practices.,Constructivism,1
Our analysis reveals that categories surrounding gene expression noise depend on culturally specific practices.,Constructivism,1
We show how the meaning of urban heat islands emerges from social negotiation within the open‑source software community.,Constructivism,1
The findings illustrate that scientific facts about urban heat islands are co‑constructed through language and historical contingencies.,Constructivism,1
The findings illustrate that scientific facts about renewable energy uptake are co‑constructed through language and historical contingencies.,Constructivism,1
Our analysis reveals that categories surrounding dark matter halos depend on culturally specific practices.,Constructivism,1
Our analysis reveals that categories surrounding dark matter halos depend on culturally specific practices.,Constructivism,1
Our analysis reveals that categories surrounding gene expression noise depend on culturally specific practices.,Constructivism,1
Our analysis reveals that categories surrounding quantum decoherence depend on culturally specific practices.,Constructivism,1
Our analysis reveals that categories surrounding renewable energy uptake depend on culturally specific practices.,Constructivism,1
We show how the meaning of blockchain adoption emerges from social negotiation within the ecological economics community.,Constructivism,1
The findings illustrate that scientific facts about AI‑driven diagnosis are co‑constructed through language and historical contingencies.,Constructivism,1
The findings illustrate that scientific facts about blockchain adoption are co‑constructed through language and historical contingencies.,Constructivism,1
Our analysis reveals that categories surrounding micro‑plastic dispersion depend on culturally specific practices.,Constructivism,1
We show how the meaning of gene expression noise emerges from social negotiation within the neuroscience community.,Constructivism,1
The findings illustrate that scientific facts about renewable energy uptake are co‑constructed through language and historical contingencies.,Constructivism,1
The findings illustrate that scientific facts about dark matter halos are co‑constructed through language and historical contingencies.,Constructivism,1
The findings illustrate that scientific facts about AI‑driven diagnosis are co‑constructed through language and historical contingencies.,Constructivism,1
The findings illustrate that scientific facts about renewable energy uptake are co‑constructed through language and historical contingencies.,Constructivism,1
We show how the meaning of AI‑driven diagnosis emerges from social negotiation within the precision agriculture community.,Constructivism,1
We show how the meaning of AI‑driven diagnosis emerges from social negotiation within the open‑source software community.,Constructivism,1
The findings illustrate that scientific facts about gene expression noise are co‑constructed through language and historical contingencies.,Constructivism,1
The findings illustrate that scientific facts about gene expression noise are co‑constructed through language and historical contingencies.,Constructivism,1
Our analysis reveals that categories surrounding dark matter halos depend on culturally specific practices.,Constructivism,1
We show how the meaning of renewable energy uptake emerges from social negotiation within the neuroscience community.,Constructivism,1
Our analysis reveals that categories surrounding dark matter halos depend on culturally specific practices.,Constructivism,1
Our analysis reveals that categories surrounding AI‑driven diagnosis depend on culturally specific practices.,Constructivism,1
We show how the meaning of urban heat islands emerges from social negotiation within the precision agriculture community.,Constructivism,1
We show how the meaning of renewable energy uptake emerges from social negotiation within the open‑source software community.,Constructivism,1
The findings illustrate that scientific facts about blockchain adoption are co‑constructed through language and historical contingencies.,Constructivism,1
Our analysis reveals that categories surrounding blockchain adoption depend on culturally specific practices.,Constructivism,1
Our analysis reveals that categories surrounding blockchain adoption depend on culturally specific practices.,Constructivism,1
Our analysis reveals that categories surrounding AI‑driven diagnosis depend on culturally specific practices.,Constructivism,1
The findings illustrate that scientific facts about gene expression noise are co‑constructed through language and historical contingencies.,Constructivism,1
We show how the meaning of dark matter halos emerges from social negotiation within the precision agriculture community.,Constructivism,1
We show how the meaning of micro‑plastic dispersion emerges from social negotiation within the open‑source software community.,Constructivism,1
We show how the meaning of AI‑driven diagnosis emerges from social negotiation within the precision agriculture community.,Constructivism,1
Our analysis reveals that categories surrounding gene expression noise depend on culturally specific practices.,Constructivism,1
We show how the meaning of gene expression noise emerges from social negotiation within the open‑source software community.,Constructivism,1
The findings illustrate that scientific facts about micro‑plastic dispersion are co‑constructed through language and historical contingencies.,Constructivism,1
We show how the meaning of micro‑plastic dispersion emerges from social negotiation within the precision agriculture community.,Constructivism,1
We show how the meaning of quantum decoherence emerges from social negotiation within the precision agriculture community.,Constructivism,1
Our analysis reveals that categories surrounding micro‑plastic dispersion depend on culturally specific practices.,Constructivism,1
We show how the meaning of quantum decoherence emerges from social negotiation within the precision agriculture community.,Constructivism,1
The findings illustrate that scientific facts about AI‑driven diagnosis are co‑constructed through language and historical contingencies.,Constructivism,1
The findings illustrate that scientific facts about micro‑plastic dispersion are co‑constructed through language and historical contingencies.,Constructivism,1
The findings illustrate that scientific facts about AI‑driven diagnosis are co‑constructed through language and historical contingencies.,Constructivism,1
We show how the meaning of renewable energy uptake emerges from social negotiation within the neuroscience community.,Constructivism,1
We show how the meaning of quantum decoherence emerges from social negotiation within the open‑source software community.,Constructivism,1
We show how the meaning of gene expression noise emerges from social negotiation within the ecological economics community.,Constructivism,1
Results indicate that judgments regarding urban heat islands vary with the conceptual schemes of different observers.,Relativism,2
"By comparing cultures, we demonstrate that the reality of dark matter halos shifts according to situated perspectives.",Relativism,2
Evidence suggests no universal criteria exist for evaluating AI‑driven diagnosis; truth is relative to local frameworks.,Relativism,2
"By comparing cultures, we demonstrate that the reality of renewable energy uptake shifts according to situated perspectives.",Relativism,2
"By comparing cultures, we demonstrate that the reality of quantum decoherence shifts according to situated perspectives.",Relativism,2
Results indicate that judgments regarding dark matter halos vary with the conceptual schemes of different observers.,Relativism,2
"By comparing cultures, we demonstrate that the reality of urban heat islands shifts according to situated perspectives.",Relativism,2
Results indicate that judgments regarding micro‑plastic dispersion vary with the conceptual schemes of different observers.,Relativism,2
Results indicate that judgments regarding quantum decoherence vary with the conceptual schemes of different observers.,Relativism,2
Evidence suggests no universal criteria exist for evaluating AI‑driven diagnosis; truth is relative to local frameworks.,Relativism,2
Results indicate that judgments regarding dark matter halos vary with the conceptual schemes of different observers.,Relativism,2
"By comparing cultures, we demonstrate that the reality of gene expression noise shifts according to situated perspectives.",Relativism,2
Results indicate that judgments regarding dark matter halos vary with the conceptual schemes of different observers.,Relativism,2
"By comparing cultures, we demonstrate that the reality of dark matter halos shifts according to situated perspectives.",Relativism,2
Results indicate that judgments regarding dark matter halos vary with the conceptual schemes of different observers.,Relativism,2
Evidence suggests no universal criteria exist for evaluating micro‑plastic dispersion; truth is relative to local frameworks.,Relativism,2
Results indicate that judgments regarding micro‑plastic dispersion vary with the conceptual schemes of different observers.,Relativism,2
"By comparing cultures, we demonstrate that the reality of gene expression noise shifts according to situated perspectives.",Relativism,2
Results indicate that judgments regarding AI‑driven diagnosis vary with the conceptual schemes of different observers.,Relativism,2
"By comparing cultures, we demonstrate that the reality of renewable energy uptake shifts according to situated perspectives.",Relativism,2
"By comparing cultures, we demonstrate that the reality of AI‑driven diagnosis shifts according to situated perspectives.",Relativism,2
Results indicate that judgments regarding quantum decoherence vary with the conceptual schemes of different observers.,Relativism,2
"By comparing cultures, we demonstrate that the reality of blockchain adoption shifts according to situated perspectives.",Relativism,2
Results indicate that judgments regarding urban heat islands vary with the conceptual schemes of different observers.,Relativism,2
"By comparing cultures, we demonstrate that the reality of quantum decoherence shifts according to situated perspectives.",Relativism,2
"By comparing cultures, we demonstrate that the reality of quantum decoherence shifts according to situated perspectives.",Relativism,2
Evidence suggests no universal criteria exist for evaluating AI‑driven diagnosis; truth is relative to local frameworks.,Relativism,2
Results indicate that judgments regarding renewable energy uptake vary with the conceptual schemes of different observers.,Relativism,2
Results indicate that judgments regarding AI‑driven diagnosis vary with the conceptual schemes of different observers.,Relativism,2
Evidence suggests no universal criteria exist for evaluating blockchain adoption; truth is relative to local frameworks.,Relativism,2
"By comparing cultures, we demonstrate that the reality of urban heat islands shifts according to situated perspectives.",Relativism,2
Evidence suggests no universal criteria exist for evaluating renewable energy uptake; truth is relative to local frameworks.,Relativism,2
Evidence suggests no universal criteria exist for evaluating renewable energy uptake; truth is relative to local frameworks.,Relativism,2
Evidence suggests no universal criteria exist for evaluating urban heat islands; truth is relative to local frameworks.,Relativism,2
Evidence suggests no universal criteria exist for evaluating blockchain adoption; truth is relative to local frameworks.,Relativism,2
Evidence suggests no universal criteria exist for evaluating quantum decoherence; truth is relative to local frameworks.,Relativism,2
Evidence suggests no universal criteria exist for evaluating quantum decoherence; truth is relative to local frameworks.,Relativism,2
"By comparing cultures, we demonstrate that the reality of blockchain adoption shifts according to situated perspectives.",Relativism,2
"By comparing cultures, we demonstrate that the reality of AI‑driven diagnosis shifts according to situated perspectives.",Relativism,2
Results indicate that judgments regarding gene expression noise vary with the conceptual schemes of different observers.,Relativism,2
Evidence suggests no universal criteria exist for evaluating AI‑driven diagnosis; truth is relative to local frameworks.,Relativism,2
Results indicate that judgments regarding quantum decoherence vary with the conceptual schemes of different observers.,Relativism,2
"By comparing cultures, we demonstrate that the reality of micro‑plastic dispersion shifts according to situated perspectives.",Relativism,2
"By comparing cultures, we demonstrate that the reality of quantum decoherence shifts according to situated perspectives.",Relativism,2
Results indicate that judgments regarding dark matter halos vary with the conceptual schemes of different observers.,Relativism,2
Evidence suggests no universal criteria exist for evaluating urban heat islands; truth is relative to local frameworks.,Relativism,2
Evidence suggests no universal criteria exist for evaluating gene expression noise; truth is relative to local frameworks.,Relativism,2
Evidence suggests no universal criteria exist for evaluating AI‑driven diagnosis; truth is relative to local frameworks.,Relativism,2
Results indicate that judgments regarding AI‑driven diagnosis vary with the conceptual schemes of different observers.,Relativism,2
Evidence suggests no universal criteria exist for evaluating dark matter halos; truth is relative to local frameworks.,Relativism,2
Results indicate that judgments regarding gene expression noise vary with the conceptual schemes of different observers.,Relativism,2
Evidence suggests no universal criteria exist for evaluating gene expression noise; truth is relative to local frameworks.,Relativism,2
Evidence suggests no universal criteria exist for evaluating gene expression noise; truth is relative to local frameworks.,Relativism,2
Results indicate that judgments regarding AI‑driven diagnosis vary with the conceptual schemes of different observers.,Relativism,2
Evidence suggests no universal criteria exist for evaluating blockchain adoption; truth is relative to local frameworks.,Relativism,2
Evidence suggests no universal criteria exist for evaluating blockchain adoption; truth is relative to local frameworks.,Relativism,2
"By comparing cultures, we demonstrate that the reality of dark matter halos shifts according to situated perspectives.",Relativism,2
Results indicate that judgments regarding renewable energy uptake vary with the conceptual schemes of different observers.,Relativism,2
Evidence suggests no universal criteria exist for evaluating AI‑driven diagnosis; truth is relative to local frameworks.,Relativism,2
Evidence suggests no universal criteria exist for evaluating micro‑plastic dispersion; truth is relative to local frameworks.,Relativism,2
Results indicate that judgments regarding micro‑plastic dispersion vary with the conceptual schemes of different observers.,Relativism,2
Results indicate that judgments regarding AI‑driven diagnosis vary with the conceptual schemes of different observers.,Relativism,2
"By comparing cultures, we demonstrate that the reality of AI‑driven diagnosis shifts according to situated perspectives.",Relativism,2
"By comparing cultures, we demonstrate that the reality of micro‑plastic dispersion shifts according to situated perspectives.",Relativism,2
"By comparing cultures, we demonstrate that the reality of micro‑plastic dispersion shifts according to situated perspectives.",Relativism,2
Evidence suggests no universal criteria exist for evaluating gene expression noise; truth is relative to local frameworks.,Relativism,2
"By comparing cultures, we demonstrate that the reality of renewable energy uptake shifts according to situated perspectives.",Relativism,2
Evidence suggests no universal criteria exist for evaluating renewable energy uptake; truth is relative to local frameworks.,Relativism,2
"By comparing cultures, we demonstrate that the reality of AI‑driven diagnosis shifts according to situated perspectives.",Relativism,2
"By comparing cultures, we demonstrate that the reality of urban heat islands shifts according to situated perspectives.",Relativism,2
"By comparing cultures, we demonstrate that the reality of gene expression noise shifts according to situated perspectives.",Relativism,2
"By comparing cultures, we demonstrate that the reality of urban heat islands shifts according to situated perspectives.",Relativism,2
Results indicate that judgments regarding urban heat islands vary with the conceptual schemes of different observers.,Relativism,2
Results indicate that judgments regarding gene expression noise vary with the conceptual schemes of different observers.,Relativism,2
Results indicate that judgments regarding blockchain adoption vary with the conceptual schemes of different observers.,Relativism,2
Evidence suggests no universal criteria exist for evaluating blockchain adoption; truth is relative to local frameworks.,Relativism,2
Evidence suggests no universal criteria exist for evaluating micro‑plastic dispersion; truth is relative to local frameworks.,Relativism,2
"By comparing cultures, we demonstrate that the reality of renewable energy uptake shifts according to situated perspectives.",Relativism,2
Results indicate that judgments regarding micro‑plastic dispersion vary with the conceptual schemes of different observers.,Relativism,2
"By comparing cultures, we demonstrate that the reality of renewable energy uptake shifts according to situated perspectives.",Relativism,2
Evidence suggests no universal criteria exist for evaluating micro‑plastic dispersion; truth is relative to local frameworks.,Relativism,2
Evidence suggests no universal criteria exist for evaluating gene expression noise; truth is relative to local frameworks.,Relativism,2
Evidence suggests no universal criteria exist for evaluating quantum decoherence; truth is relative to local frameworks.,Relativism,2
Evidence suggests no universal criteria exist for evaluating micro‑plastic dispersion; truth is relative to local frameworks.,Relativism,2
Evidence suggests no universal criteria exist for evaluating blockchain adoption; truth is relative to local frameworks.,Relativism,2
"By comparing cultures, we demonstrate that the reality of renewable energy uptake shifts according to situated perspectives.",Relativism,2
Evidence suggests no universal criteria exist for evaluating gene expression noise; truth is relative to local frameworks.,Relativism,2
Evidence suggests no universal criteria exist for evaluating AI‑driven diagnosis; truth is relative to local frameworks.,Relativism,2
Results indicate that judgments regarding renewable energy uptake vary with the conceptual schemes of different observers.,Relativism,2
"By comparing cultures, we demonstrate that the reality of gene expression noise shifts according to situated perspectives.",Relativism,2
Results indicate that judgments regarding renewable energy uptake vary with the conceptual schemes of different observers.,Relativism,2
Results indicate that judgments regarding quantum decoherence vary with the conceptual schemes of different observers.,Relativism,2
Evidence suggests no universal criteria exist for evaluating dark matter halos; truth is relative to local frameworks.,Relativism,2
Results indicate that judgments regarding dark matter halos vary with the conceptual schemes of different observers.,Relativism,2
"By comparing cultures, we demonstrate that the reality of micro‑plastic dispersion shifts according to situated perspectives.",Relativism,2
"By comparing cultures, we demonstrate that the reality of quantum decoherence shifts according to situated perspectives.",Relativism,2
Evidence suggests no universal criteria exist for evaluating quantum decoherence; truth is relative to local frameworks.,Relativism,2
"By comparing cultures, we demonstrate that the reality of micro‑plastic dispersion shifts according to situated perspectives.",Relativism,2
Evidence suggests no universal criteria exist for evaluating blockchain adoption; truth is relative to local frameworks.,Relativism,2
Results indicate that judgments regarding dark matter halos vary with the conceptual schemes of different observers.,Relativism,2
"By comparing cultures, we demonstrate that the reality of blockchain adoption shifts according to situated perspectives.",Relativism,2
Results indicate that judgments regarding gene expression noise vary with the conceptual schemes of different observers.,Relativism,2
Evidence suggests no universal criteria exist for evaluating blockchain adoption; truth is relative to local frameworks.,Relativism,2
Evidence suggests no universal criteria exist for evaluating urban heat islands; truth is relative to local frameworks.,Relativism,2
Results indicate that judgments regarding renewable energy uptake vary with the conceptual schemes of different observers.,Relativism,2
Results indicate that judgments regarding renewable energy uptake vary with the conceptual schemes of different observers.,Relativism,2
Evidence suggests no universal criteria exist for evaluating urban heat islands; truth is relative to local frameworks.,Relativism,2
Evidence suggests no universal criteria exist for evaluating gene expression noise; truth is relative to local frameworks.,Relativism,2
"By comparing cultures, we demonstrate that the reality of blockchain adoption shifts according to situated perspectives.",Relativism,2
"By comparing cultures, we demonstrate that the reality of dark matter halos shifts according to situated perspectives.",Relativism,2
Results indicate that judgments regarding blockchain adoption vary with the conceptual schemes of different observers.,Relativism,2
"By comparing cultures, we demonstrate that the reality of urban heat islands shifts according to situated perspectives.",Relativism,2
"By comparing cultures, we demonstrate that the reality of gene expression noise shifts according to situated perspectives.",Relativism,2
Results indicate that judgments regarding micro‑plastic dispersion vary with the conceptual schemes of different observers.,Relativism,2
Results indicate that judgments regarding gene expression noise vary with the conceptual schemes of different observers.,Relativism,2
Results indicate that judgments regarding urban heat islands vary with the conceptual schemes of different observers.,Relativism,2
"By comparing cultures, we demonstrate that the reality of micro‑plastic dispersion shifts according to situated perspectives.",Relativism,2
Evidence suggests no universal criteria exist for evaluating blockchain adoption; truth is relative to local frameworks.,Relativism,2
"By comparing cultures, we demonstrate that the reality of micro‑plastic dispersion shifts according to situated perspectives.",Relativism,2
"By comparing cultures, we demonstrate that the reality of urban heat islands shifts according to situated perspectives.",Relativism,2
"By comparing cultures, we demonstrate that the reality of renewable energy uptake shifts according to situated perspectives.",Relativism,2
Results indicate that judgments regarding blockchain adoption vary with the conceptual schemes of different observers.,Relativism,2
Evidence suggests no universal criteria exist for evaluating AI‑driven diagnosis; truth is relative to local frameworks.,Relativism,2
Evidence suggests no universal criteria exist for evaluating urban heat islands; truth is relative to local frameworks.,Relativism,2
"By comparing cultures, we demonstrate that the reality of blockchain adoption shifts according to situated perspectives.",Relativism,2
Success of the intervention is measured by how effectively gene expression noise solves real‑world problems.,Pragmatism,3
We assess AI‑driven diagnosis in terms of its practical consequences for stakeholders in ecological economics.,Pragmatism,3
The utility of theories about dark matter halos is judged by their capacity to guide fruitful action.,Pragmatism,3
We assess blockchain adoption in terms of its practical consequences for stakeholders in open‑source software.,Pragmatism,3
We assess dark matter halos in terms of its practical consequences for stakeholders in ecological economics.,Pragmatism,3
The utility of theories about dark matter halos is judged by their capacity to guide fruitful action.,Pragmatism,3
We assess blockchain adoption in terms of its practical consequences for stakeholders in open‑source software.,Pragmatism,3
The utility of theories about quantum decoherence is judged by their capacity to guide fruitful action.,Pragmatism,3
We assess micro‑plastic dispersion in terms of its practical consequences for stakeholders in precision agriculture.,Pragmatism,3
We assess urban heat islands in terms of its practical consequences for stakeholders in ecological economics.,Pragmatism,3
We assess quantum decoherence in terms of its practical consequences for stakeholders in precision agriculture.,Pragmatism,3
We assess blockchain adoption in terms of its practical consequences for stakeholders in ecological economics.,Pragmatism,3
We assess gene expression noise in terms of its practical consequences for stakeholders in ecological economics.,Pragmatism,3
We assess renewable energy uptake in terms of its practical consequences for stakeholders in ecological economics.,Pragmatism,3
The utility of theories about urban heat islands is judged by their capacity to guide fruitful action.,Pragmatism,3
Success of the intervention is measured by how effectively blockchain adoption solves real‑world problems.,Pragmatism,3
Success of the intervention is measured by how effectively dark matter halos solves real‑world problems.,Pragmatism,3
The utility of theories about gene expression noise is judged by their capacity to guide fruitful action.,Pragmatism,3
The utility of theories about quantum decoherence is judged by their capacity to guide fruitful action.,Pragmatism,3
Success of the intervention is measured by how effectively renewable energy uptake solves real‑world problems.,Pragmatism,3
The utility of theories about urban heat islands is judged by their capacity to guide fruitful action.,Pragmatism,3
The utility of theories about AI‑driven diagnosis is judged by their capacity to guide fruitful action.,Pragmatism,3
We assess blockchain adoption in terms of its practical consequences for stakeholders in open‑source software.,Pragmatism,3
We assess micro‑plastic dispersion in terms of its practical consequences for stakeholders in precision agriculture.,Pragmatism,3
The utility of theories about blockchain adoption is judged by their capacity to guide fruitful action.,Pragmatism,3
The utility of theories about gene expression noise is judged by their capacity to guide fruitful action.,Pragmatism,3
The utility of theories about renewable energy uptake is judged by their capacity to guide fruitful action.,Pragmatism,3
The utility of theories about urban heat islands is judged by their capacity to guide fruitful action.,Pragmatism,3
Success of the intervention is measured by how effectively AI‑driven diagnosis solves real‑world problems.,Pragmatism,3
Success of the intervention is measured by how effectively blockchain adoption solves real‑world problems.,Pragmatism,3
Success of the intervention is measured by how effectively renewable energy uptake solves real‑world problems.,Pragmatism,3
Success of the intervention is measured by how effectively renewable energy uptake solves real‑world problems.,Pragmatism,3
The utility of theories about gene expression noise is judged by their capacity to guide fruitful action.,Pragmatism,3
We assess AI‑driven diagnosis in terms of its practical consequences for stakeholders in ecological economics.,Pragmatism,3
We assess urban heat islands in terms of its practical consequences for stakeholders in ecological economics.,Pragmatism,3
Success of the intervention is measured by how effectively urban heat islands solves real‑world problems.,Pragmatism,3
We assess quantum decoherence in terms of its practical consequences for stakeholders in precision agriculture.,Pragmatism,3
The utility of theories about urban heat islands is judged by their capacity to guide fruitful action.,Pragmatism,3
Success of the intervention is measured by how effectively renewable energy uptake solves real‑world problems.,Pragmatism,3
Success of the intervention is measured by how effectively gene expression noise solves real‑world problems.,Pragmatism,3
We assess dark matter halos in terms of its practical consequences for stakeholders in open‑source software.,Pragmatism,3
The utility of theories about AI‑driven diagnosis is judged by their capacity to guide fruitful action.,Pragmatism,3
We assess blockchain adoption in terms of its practical consequences for stakeholders in precision agriculture.,Pragmatism,3
We assess gene expression noise in terms of its practical consequences for stakeholders in open‑source software.,Pragmatism,3
Success of the intervention is measured by how effectively quantum decoherence solves real‑world problems.,Pragmatism,3
We assess micro‑plastic dispersion in terms of its practical consequences for stakeholders in precision agriculture.,Pragmatism,3
The utility of theories about gene expression noise is judged by their capacity to guide fruitful action.,Pragmatism,3
Success of the intervention is measured by how effectively quantum decoherence solves real‑world problems.,Pragmatism,3
We assess renewable energy uptake in terms of its practical consequences for stakeholders in ecological economics.,Pragmatism,3
We assess quantum decoherence in terms of its practical consequences for stakeholders in ecological economics.,Pragmatism,3
The utility of theories about dark matter halos is judged by their capacity to guide fruitful action.,Pragmatism,3
Success of the intervention is measured by how effectively AI‑driven diagnosis solves real‑world problems.,Pragmatism,3
We assess blockchain adoption in terms of its practical consequences for stakeholders in precision agriculture.,Pragmatism,3
The utility of theories about blockchain adoption is judged by their capacity to guide fruitful action.,Pragmatism,3
We assess micro‑plastic dispersion in terms of its practical consequences for stakeholders in open‑source software.,Pragmatism,3
The utility of theories about quantum decoherence is judged by their capacity to guide fruitful action.,Pragmatism,3
Success of the intervention is measured by how effectively AI‑driven diagnosis solves real‑world problems.,Pragmatism,3
Success of the intervention is measured by how effectively AI‑driven diagnosis solves real‑world problems.,Pragmatism,3
Success of the intervention is measured by how effectively dark matter halos solves real‑world problems.,Pragmatism,3
Success of the intervention is measured by how effectively renewable energy uptake solves real‑world problems.,Pragmatism,3
Success of the intervention is measured by how effectively AI‑driven diagnosis solves real‑world problems.,Pragmatism,3
We assess dark matter halos in terms of its practical consequences for stakeholders in neuroscience.,Pragmatism,3
The utility of theories about quantum decoherence is judged by their capacity to guide fruitful action.,Pragmatism,3
We assess gene expression noise in terms of its practical consequences for stakeholders in open‑source software.,Pragmatism,3
We assess gene expression noise in terms of its practical consequences for stakeholders in precision agriculture.,Pragmatism,3
Success of the intervention is measured by how effectively urban heat islands solves real‑world problems.,Pragmatism,3
Success of the intervention is measured by how effectively renewable energy uptake solves real‑world problems.,Pragmatism,3
We assess renewable energy uptake in terms of its practical consequences for stakeholders in open‑source software.,Pragmatism,3
The utility of theories about blockchain adoption is judged by their capacity to guide fruitful action.,Pragmatism,3
Success of the intervention is measured by how effectively quantum decoherence solves real‑world problems.,Pragmatism,3
We assess AI‑driven diagnosis in terms of its practical consequences for stakeholders in ecological economics.,Pragmatism,3
Success of the intervention is measured by how effectively renewable energy uptake solves real‑world problems.,Pragmatism,3
The utility of theories about renewable energy uptake is judged by their capacity to guide fruitful action.,Pragmatism,3
We assess renewable energy uptake in terms of its practical consequences for stakeholders in ecological economics.,Pragmatism,3
Success of the intervention is measured by how effectively micro‑plastic dispersion solves real‑world problems.,Pragmatism,3
The utility of theories about blockchain adoption is judged by their capacity to guide fruitful action.,Pragmatism,3
Success of the intervention is measured by how effectively urban heat islands solves real‑world problems.,Pragmatism,3
Success of the intervention is measured by how effectively renewable energy uptake solves real‑world problems.,Pragmatism,3
Success of the intervention is measured by how effectively gene expression noise solves real‑world problems.,Pragmatism,3
We assess blockchain adoption in terms of its practical consequences for stakeholders in open‑source software.,Pragmatism,3
We assess urban heat islands in terms of its practical consequences for stakeholders in open‑source software.,Pragmatism,3
Success of the intervention is measured by how effectively blockchain adoption solves real‑world problems.,Pragmatism,3
We assess urban heat islands in terms of its practical consequences for stakeholders in open‑source software.,Pragmatism,3
Success of the intervention is measured by how effectively dark matter halos solves real‑world problems.,Pragmatism,3
The utility of theories about micro‑plastic dispersion is judged by their capacity to guide fruitful action.,Pragmatism,3
We assess AI‑driven diagnosis in terms of its practical consequences for stakeholders in neuroscience.,Pragmatism,3
The utility of theories about AI‑driven diagnosis is judged by their capacity to guide fruitful action.,Pragmatism,3
The utility of theories about blockchain adoption is judged by their capacity to guide fruitful action.,Pragmatism,3
Success of the intervention is measured by how effectively urban heat islands solves real‑world problems.,Pragmatism,3
Success of the intervention is measured by how effectively gene expression noise solves real‑world problems.,Pragmatism,3
The utility of theories about quantum decoherence is judged by their capacity to guide fruitful action.,Pragmatism,3
The utility of theories about urban heat islands is judged by their capacity to guide fruitful action.,Pragmatism,3
Success of the intervention is measured by how effectively AI‑driven diagnosis solves real‑world problems.,Pragmatism,3
We assess blockchain adoption in terms of its practical consequences for stakeholders in precision agriculture.,Pragmatism,3
We assess urban heat islands in terms of its practical consequences for stakeholders in neuroscience.,Pragmatism,3
Success of the intervention is measured by how effectively quantum decoherence solves real‑world problems.,Pragmatism,3
The utility of theories about dark matter halos is judged by their capacity to guide fruitful action.,Pragmatism,3
The utility of theories about AI‑driven diagnosis is judged by their capacity to guide fruitful action.,Pragmatism,3
We assess AI‑driven diagnosis in terms of its practical consequences for stakeholders in ecological economics.,Pragmatism,3
Success of the intervention is measured by how effectively urban heat islands solves real‑world problems.,Pragmatism,3
We assess dark matter halos in terms of its practical consequences for stakeholders in neuroscience.,Pragmatism,3
Success of the intervention is measured by how effectively micro‑plastic dispersion solves real‑world problems.,Pragmatism,3
Success of the intervention is measured by how effectively gene expression noise solves real‑world problems.,Pragmatism,3
Success of the intervention is measured by how effectively blockchain adoption solves real‑world problems.,Pragmatism,3
The utility of theories about blockchain adoption is judged by their capacity to guide fruitful action.,Pragmatism,3
Success of the intervention is measured by how effectively urban heat islands solves real‑world problems.,Pragmatism,3
Success of the intervention is measured by how effectively gene expression noise solves real‑world problems.,Pragmatism,3
Success of the intervention is measured by how effectively urban heat islands solves real‑world problems.,Pragmatism,3
Success of the intervention is measured by how effectively gene expression noise solves real‑world problems.,Pragmatism,3
We assess urban heat islands in terms of its practical consequences for stakeholders in precision agriculture.,Pragmatism,3
The utility of theories about renewable energy uptake is judged by their capacity to guide fruitful action.,Pragmatism,3
We assess urban heat islands in terms of its practical consequences for stakeholders in neuroscience.,Pragmatism,3
The utility of theories about blockchain adoption is judged by their capacity to guide fruitful action.,Pragmatism,3
Success of the intervention is measured by how effectively gene expression noise solves real‑world problems.,Pragmatism,3
We assess blockchain adoption in terms of its practical consequences for stakeholders in neuroscience.,Pragmatism,3
We assess dark matter halos in terms of its practical consequences for stakeholders in open‑source software.,Pragmatism,3
We assess urban heat islands in terms of its practical consequences for stakeholders in precision agriculture.,Pragmatism,3
We assess quantum decoherence in terms of its practical consequences for stakeholders in precision agriculture.,Pragmatism,3
The utility of theories about micro‑plastic dispersion is judged by their capacity to guide fruitful action.,Pragmatism,3
We assess micro‑plastic dispersion in terms of its practical consequences for stakeholders in open‑source software.,Pragmatism,3
The utility of theories about micro‑plastic dispersion is judged by their capacity to guide fruitful action.,Pragmatism,3
We assess renewable energy uptake in terms of its practical consequences for stakeholders in precision agriculture.,Pragmatism,3
The utility of theories about dark matter halos is judged by their capacity to guide fruitful action.,Pragmatism,3
The utility of theories about gene expression noise is judged by their capacity to guide fruitful action.,Pragmatism,3
We assess dark matter halos in terms of its practical consequences for stakeholders in precision agriculture.,Pragmatism,3
