record_id,source_dataset,source_sheet,title,year,doi,label_original,canonical_id,label_canonica,author_keywords,index_keywords,keywords_available,keywords_applied,split,split_version,text_variant,predicted_canonical_id,predicted_label_canonica,prediction_score
muestras:Muestras:11,muestras,Muestras,"History, philosophy, and sociology of science and science-technology-society traditions in science education: Continuities and discontinuities",2014,10.1007/978-94-007-7654-8_58,Tipo 5 CM,tipo_5_constructivismo_moderado,Tipo 5 - Constructivismo moderado,,,False,False,test,phase2_v1,abstract_plus_keywords,tipo_5_constructivismo_moderado,Tipo 5 - Constructivismo moderado,0.22470674639343238
muestras:Muestras:18,muestras,Muestras,The cognitive and the social structure of STS,2001,10.1023/A:1012714020453,Tipo 1 RF,tipo_1_realismo_fuerte,Tipo 1 - Realismo fuerte,,,False,False,test,phase2_v1,abstract_plus_keywords,tipo_5_constructivismo_moderado,Tipo 5 - Constructivismo moderado,0.23319508810812498
muestras:Muestras:19,muestras,Muestras,Young brains at risk: Co-constituting youth and addiction in neuroscience-informed Australian drug education,2017,10.1057/s41292-017-0047-2,Tipo 6 CF - R,tipo_6_constructivismo_fuerte_relativismo,Tipo 6 - Constructivismo fuerte / relativismo,addiction; Annemarie Mol and John Law; Bruno Latour; drug education; neuroscience; youth,,True,True,test,phase2_v1,abstract_plus_keywords,tipo_5_constructivismo_moderado,Tipo 5 - Constructivismo moderado,0.23085643910314194
muestras:Muestras:2,muestras,Muestras,The Sociological Spirituality of W. E. B. Du Bois's Prayers for Dark People,2023,10.1111/jssr.12849,Tipo 5 CM,tipo_5_constructivismo_moderado,Tipo 5 - Constructivismo moderado,Du Bois; liturgy; Prayers; race; spirituality,,True,True,test,phase2_v1,abstract_plus_keywords,tipo_5_constructivismo_moderado,Tipo 5 - Constructivismo moderado,0.2198989801905596
muestras:Muestras:23,muestras,Muestras,"Dead Meat: Competing Vitalities, Cultivated Meat Imaginaries and Anthropocene Diets",2024,10.1007/978-981-97-9049-4,Tipo 6 CF - R,tipo_6_constructivismo_fuerte_relativismo,Tipo 6 - Constructivismo fuerte / relativismo,bio-objects; bioeconomy of meat; biofabrication of meat; bodily objects; carnism; cell-based meat; cellular agriculture; cellular economies; clean meat; flexitarianism; food biotechnology; future of meat; human-animal entanglements; in vitro meat; new materialism; slaughter-free meat; STS,Agricultural economics; Agriculture; Animals; Biotechnology; Ecology; Environmental technology; Industrial economics; Sociology; Sustainable development; Bio-object; Bioeconomy of meat; Biofabrication; Biofabrication of meat; Bodily object; Carnism; Cell-based; Cell-based meat; Cellular agriculture; Cellular economy; Cellulars; Clean meat; Flexitarianism; Food biotechnology; Future of meat; Human-animal entanglement; In vitro meat; In-vitro; New materialism; Slaughter-free meat; STS; Meats,True,True,test,phase2_v1,abstract_plus_keywords,tipo_5_constructivismo_moderado,Tipo 5 - Constructivismo moderado,0.25959843588126397
muestras:Muestras:24,muestras,Muestras,"Manufacturing refused knowledge in the age of epistemic pluralism: Discourses, imaginaries, and practices on the border of science",2024,10.1007/978-981-99-7188-6,Tipo 6 CF - R,tipo_6_constructivismo_fuerte_relativismo,Tipo 6 - Constructivismo fuerte / relativismo,Actor-network theory; Anti-science; Epistemic democracy; Expertise; Feminist epistemology; Fringe science; Media analysis; Open access; Post-truth; Refused knowledge; Science and technology studies; Science contestation; Science-denialism; Situated knowledge; Social imaginaries; Social network analysis; STS; Symmetry Principle,,True,True,test,phase2_v1,abstract_plus_keywords,tipo_6_constructivismo_fuerte_relativismo,Tipo 6 - Constructivismo fuerte / relativismo,0.23646321825880237
muestras:Muestras:25,muestras,Muestras,Epidemiology and policy: The post-war context,2002,,Tipo 2 RC,tipo_2_realismo_moderado_critico,Tipo 2 - Realismo moderado / critico,Alcohol; Drugs; Epidemiology; Harm reduction; History; Policy; Smoking,diamorphine; methadone; alcohol consumption; chronic disease; correlation analysis; drug use; epidemiological data; harm reduction; human; lung cancer; model; policy; preventive health service; review; smoking; substance abuse; war,True,True,test,phase2_v1,abstract_plus_keywords,tipo_2_realismo_moderado_critico,Tipo 2 - Realismo moderado / critico,0.22307588824509575
muestras:Muestras:40,muestras,Muestras,Zoo veterinarians: Governing care on a diseased planet,2020,10.4324/9780367823276,Tipo 5 CM,tipo_5_constructivismo_moderado,Tipo 5 - Constructivismo moderado,,,False,False,test,phase2_v1,abstract_plus_keywords,tipo_6_constructivismo_fuerte_relativismo,Tipo 6 - Constructivismo fuerte / relativismo,0.23402360129668684
muestras:Muestras:45,muestras,Muestras,Health consumption as work: The home pregnancy test as a domesticated health tool,2013,10.1016/j.socscimed.2013.02.035,Tipo 5 CM,tipo_5_constructivismo_moderado,Tipo 5 - Constructivismo moderado,Biopolitics; Diagnostic tools; Domestication; Health consumption; Home pregnancy test; Knowledge production,Female; Home Care Services; Humans; Pregnancy; Pregnancy Tests; North America; consumption behavior; domestication; health risk; knowledge; pregnancy; qualitative analysis; testing method; anthropology; article; domestication; government; health care access; health care system; health care utilization; health consumption; health service; home care; human; medical device; politics; pregnancy test; sociology,True,True,test,phase2_v1,abstract_plus_keywords,tipo_5_constructivismo_moderado,Tipo 5 - Constructivismo moderado,0.23660676546887424
muestras:Muestras:54,muestras,Muestras,Art’s Work in the Age of Biotechnology: How art can make arguments in science and technology studies,2021,10.4324/9780429437069-17,Tipo 5 CM,tipo_5_constructivismo_moderado,Tipo 5 - Constructivismo moderado,,,False,False,test,phase2_v1,abstract_plus_keywords,tipo_5_constructivismo_moderado,Tipo 5 - Constructivismo moderado,0.2258334103153092
muestras:Muestras:62,muestras,Muestras,The Politics of Expertise in Genomics Policy and Law,2024,10.1146/annurev-lawsocsci-041822-041426,Tipo 5 CM,tipo_5_constructivismo_moderado,Tipo 5 - Constructivismo moderado,bioethics; data sovereignty; expertise; genomics; innovation; patents,,True,True,test,phase2_v1,abstract_plus_keywords,tipo_5_constructivismo_moderado,Tipo 5 - Constructivismo moderado,0.2605490298342349
muestras:Muestras:66,muestras,Muestras,Technological determinism in educational technology research: Some alternative ways of thinking about the relationship between learning and technology,2011,10.1111/j.1365-2729.2011.00406.x,Tipo 2 RC,tipo_2_realismo_moderado_critico,Tipo 2 - Realismo moderado / critico,Affordance; Educational technology; Science and technology studies; Technological determinism,,True,True,test,phase2_v1,abstract_plus_keywords,tipo_5_constructivismo_moderado,Tipo 5 - Constructivismo moderado,0.23465998158688325
muestras:Muestras:68,muestras,Muestras,"Hayek at the Santa Fe Institute: Origins, Models, and Organization of the Cradle of Complexity Sciences",2022,10.1484/J.CNT.5.131461,Tipo 2 RC,tipo_2_realismo_moderado_critico,Tipo 2 - Realismo moderado / critico,Complex systems; Coproduction; Darwin; Hayek; Schumpeter; Science and Technology Studies,,True,True,test,phase2_v1,abstract_plus_keywords,tipo_5_constructivismo_moderado,Tipo 5 - Constructivismo moderado,0.23432723436387876
muestras:Muestras:70,muestras,Muestras,"Fleck, anatomical drawings and early modern history.",2008,,Tipo 6 CF - R,tipo_6_constructivismo_fuerte_relativismo,Tipo 6 - Constructivismo fuerte / relativismo,,"Anatomy, Artistic; Dissent and Disputes; Female; History, 17th Century; History, 18th Century; History, 19th Century; History, 20th Century; History, 21st Century; Humans; Male; Medical Illustration; Sex Characteristics; anatomy; article; conflict; female; history; human; male; medical illustration; sexual development",True,True,test,phase2_v1,abstract_plus_keywords,tipo_2_realismo_moderado_critico,Tipo 2 - Realismo moderado / critico,0.23878166050611313
muestras:Muestras:78,muestras,Muestras,Tropical marine sciences: Knowledge production in a web of path dependencies,2020,10.1371/journal.pone.0228613,Tipo 2 RC,tipo_2_realismo_moderado_critico,Tipo 2 - Realismo moderado / critico,,Australia; Authorship; Bibliometrics; Biomedical Research; Cultural Characteristics; Europe; Humans; Knowledge; North America; Publications; article; conceptual framework; human; nomenclature; quantitative analysis; sociology; writing; Australia; bibliometrics; cultural factor; Europe; knowledge; medical research; North America; publication,True,True,test,phase2_v1,abstract_plus_keywords,tipo_5_constructivismo_moderado,Tipo 5 - Constructivismo moderado,0.2342802032413484
muestras:Muestras:79,muestras,Muestras,Professional credibility cycles in education: Constructing trust and expertise in a regulated state school system,2025,10.1177/13505084251321024,Tipo 2 RC,tipo_2_realismo_moderado_critico,Tipo 2 - Realismo moderado / critico,bureaucratic systems; credit cycle; education professionals; expertise; primary education; Professional credibility; professional credibility cycles; professional project; professions; trustworthiness,,True,True,test,phase2_v1,abstract_plus_keywords,tipo_5_constructivismo_moderado,Tipo 5 - Constructivismo moderado,0.22151841251686716
muestras:Muestras:88,muestras,Muestras,"Theorising Cyber (In)Security: Information, Materiality, and Entropic Security",2024,10.4324/9781003454113,Tipo 5 CM,tipo_5_constructivismo_moderado,Tipo 5 - Constructivismo moderado,,,False,False,test,phase2_v1,abstract_plus_keywords,tipo_5_constructivismo_moderado,Tipo 5 - Constructivismo moderado,0.22525025495963097
seed:Clasificados:12,seed,Clasificados,"Meaning at the Planck scale? Contextualized word embeddings for doing history, philosophy, and sociology of science",2024,,Tipo 3 AE,tipo_3_antirrealismo_epistemologico,Tipo 3 - Antirrealismo epistemologico,,,False,False,test,phase2_v1,abstract_plus_keywords,tipo_2_realismo_moderado_critico,Tipo 2 - Realismo moderado / critico,0.21101839145614754
seed:Clasificados:2,seed,Clasificados,Scientific writing as a social act: A review of the literature of the sociology of science,2019,,Tipo 5 CM ,tipo_5_constructivismo_moderado,Tipo 5 - Constructivismo moderado,,,False,False,test,phase2_v1,abstract_plus_keywords,tipo_2_realismo_moderado_critico,Tipo 2 - Realismo moderado / critico,0.21242732642171677
seed:Clasificados:27,seed,Clasificados,Experimentation in the sociology of science: Representational and generative registers in the imitation game,2019,,Tipo 4 PE,tipo_4_pragmatismo_epistemologico,Tipo 4 - Pragmatismo epistemologico,,,False,False,test,phase2_v1,abstract_plus_keywords,tipo_2_realismo_moderado_critico,Tipo 2 - Realismo moderado / critico,0.21003079318814238
seed:Clasificados:3,seed,Clasificados,"Benefits, motivations, and challenges of international collaborative research: A sociology of science case study",2021,,Tipo 5 CM ,tipo_5_constructivismo_moderado,Tipo 5 - Constructivismo moderado,,,False,False,test,phase2_v1,abstract_plus_keywords,tipo_5_constructivismo_moderado,Tipo 5 - Constructivismo moderado,0.23330115870147516
seed:Clasificados:47,seed,Clasificados,A New Political Sociology of Science,2021,,Tipo 5 CM ,tipo_5_constructivismo_moderado,Tipo 5 - Constructivismo moderado,,,False,False,test,phase2_v1,abstract_plus_keywords,tipo_2_realismo_moderado_critico,Tipo 2 - Realismo moderado / critico,0.23121208875524576
seed:Clasificados:49,seed,Clasificados,The Sociology of Science in Africa,0,,Tipo 2 RM,tipo_2_realismo_moderado_critico,Tipo 2 - Realismo moderado / critico,,,False,False,test,phase2_v1,abstract_plus_keywords,tipo_5_constructivismo_moderado,Tipo 5 - Constructivismo moderado,0.22048328766082786
seed:Clasificados:70,seed,Clasificados,CHAPTER 4 MEASURING THE QUALITY OF SOCIOLOGICAL RESEARCH Problems in the Use of the Science Citation Index (1971),2024,,Tipo 1 RF,tipo_1_realismo_fuerte,Tipo 1 - Realismo fuerte,,,False,False,test,phase2_v1,abstract_plus_keywords,tipo_5_constructivismo_moderado,Tipo 5 - Constructivismo moderado,0.20982287275341818
