record_id,source_dataset,source_sheet,title,abstract,year,doi,label_original,label_canonica,canonical_id,mapping_status,mapping_notes,review_required,include_in_gold,title_normalized,doi_normalized,abstract_hash,methodology_label,methodology_branch,methodology_subtype,methodology_review_required,methodology_review_reason,gold_exclusion_reason
seed:Clasificados:8,seed,Clasificados,The emergence of technoscientific fields and the new political sociology of science,"Although use of the term synthetic biology in the scientific literature dates back to the early twentieth century, contemporary synthetic biology started to bloom around the turn of the new millennium and has been presented as novel—perhaps even revolutionary—and ‘cool’. Like most emerging fields, synthetic biology has been defined in numerous different ways by members of a self-selected community in the making. The European Commission (EC) opinion on synthetic biology (2014) identifies 35 published definitions and proposes the following:‘SynBio is the application of science, technology and engineering to facilitate and accelerate the design, manufacture and/or modification of genetic materials in living organisms (p5)’. Synthetic biologists suggest that compared to modern biotechnology (eg genetic engineering, genomics, high throughput biology, etc.), the epistemic novelty of synthetic biology (Synbio) lies in the systematic use of engineering approaches to intentionally design artificial organisms. Among the numerous analyses of Synbio, many focus on the role of actors active in the field’s construction. The American civil engineer Drew Endy, who originally summarised Synbio as aimed ‘to make biology easier to engineer’, is often invoked as the heroic entrepreneur who played a key role in the emergence of this new field (Campos 2013). Social scientists have investigated the emergence of Synbio using mostly ethnographic approaches or in collaborations with Synbio scientists. The field of enquiry then becomes the (American) lab and/or boundary spaces such as the International Genetically Engineered Machine (iGEM) competition, a very popular",2021,,Tipo 4 CM ,,,revision_manual,Legacy label is unresolved and must stay in manual review.,True,False,the emergence of technoscientific fields and the new political sociology of science,,479727041fe8adfdd269e1e45a1094fffab9baf5cba1fdf355c814b4dbd139ed,,,,True,missing_source_columns,revision_manual
seed:Clasificados:16,seed,Clasificados,SOCIOLOGY OF SCIENCE AND TECHNOLOGY,"… is to demonstrate that sociology of science/technology is addressing a set of questions central to all sociology. In this selection of research from the ""new"" sociology of science, Social …",2022,,No,,,sin_etiqueta,Explicitly marked as not labeled; exclude from gold and keep review-visible.,True,False,sociology of science and technology,,695ed66c5bdcca317c7f122b987a603d9f5fdccb54bde1c90c70677139db7f96,,,,True,missing_source_columns,sin_etiqueta
seed:Clasificados:17,seed,Clasificados,Introduction: A cultural sociology of the authority of science,"This chapter introduces a cultural-sociological account of contemporary contestations of the authority of science—contestations that suggest a decline in the authority of science and religion alike (‘postmodernization’) rather than its shift from religion to science (‘modernization’). This is why theoretical inspiration is sought from theories about the authority of religion. Informed by the theory of secularization, Part I discusses the erosion of the authority of science vis-à-vis other social realms. Informed by classical sociological theories about the social significance of religion, Part II then addresses the role of cultural worldviews in denying the authority of scientific truth claims. Informed by theories about the declining authority of religious institutions, finally, Part III argues that scientific institutions rather than science per se are losing their authority.",2021,,Tipo 6 RF,,,revision_manual,Legacy label is unresolved and must stay in manual review.,True,False,introduction a cultural sociology of the authority of science,,60df00d0b73ba8286ca21810855707fe957f8a834d38dedb7aaeb44a21216d42,,,,True,missing_source_columns,revision_manual
seed:Clasificados:20,seed,Clasificados,The sociology of the scientific community,Over the last decade and a half the sociology of the scientific community has become inseparable from the sociology of the products of that community-namely scientific knowledge. For epistemological reasons it had been previously assumed that there was nothing of interest which sociologists could say about scientific knowledge. That has all changed. Undoubtedly the major development in the field of sociology of science has been the emergence of the sociology of scientific knowledge.,2020,,Tipo 6 RF,,,revision_manual,Legacy label is unresolved and must stay in manual review.,True,False,the sociology of the scientific community,,e973eb099fdb46d487d9aa39b4c025691aa0ab8f929f389cf15cda590f9262ff,,,,True,missing_source_columns,revision_manual
seed:Clasificados:29,seed,Clasificados,"“Social Priming” Through the Lens of Sociology of Science: Fuzzy Boundary, Personal Experience, and Broader Atmosphere","Sherman and Rivers (this issue) provide a helpful recent-historical perspective on the term “social priming” and the body of work it’s supposed to label. They put their finger on experimental design (between-subjects vs. within-subject)—rather than the presence or absence of social content in the study—as the key determinant of whether other scientists and journalists consider a particular finding to be inside or outside the scope of social priming. They also make it clear that substantially different sample sizes are required to achieve the same level of statistical power (80%) in betweensubjects and within-subject experiments examining the same phenomenon of interest. Statistics aside, their primary conclusion is that “there’s nothing social about social priming” and that “it is well past time to finally put to rest the label ‘social priming.’” I argue that there is something social about social priming, but more importantly, that there is something sociological about the story of social priming, rendering the label unlikely to be put to rest. I propose that the label as used by observers has a fuzzy boundary that is more determined by family resemblance than clear-cut criteria. I will also share my personal experience as a recipient of Kahneman’s letter and a researcher in a related area of work with another stigmatized label, embodied cognition. I will conclude by reflecting on the broader atmosphere of our field for researchers of social priming and related topics.",2021,,Tipo 6 RF,,,revision_manual,Legacy label is unresolved and must stay in manual review.,True,False,social priming through the lens of sociology of science fuzzy boundary personal experience and broader atmosphere,,23afcd1ec30399fe5cb80d6f4c43f46e2852186ca9cd4a66e679bc275a7725cf,,,,True,missing_source_columns,revision_manual
seed:Clasificados:32,seed,Clasificados,History and Sociology of Science During the Crisis and Transitional Periods of Social Development,"Introduction. During critical or crisis periods of social development, the need to search for forms of interaction",2024,,Tipo 2 RM,Tipo 2 - Realismo moderado / critico,tipo_2_realismo_moderado_critico,fusionado,Approved alias merge into canonical Type 2.,False,False,history and sociology of science during the crisis and transitional periods of social development,,aeda9c10c94f95753c83d676f722ff46b859460d88e7c95ae15a7968b614168e,,,,True,missing_source_columns,abstract_too_thin
seed:Clasificados:38,seed,Clasificados,Strong Programme in the Sociology of Scientific Knowledge,"The Strong Programme in the Sociology of Scientific Knowledge, developed in the 1960s at the University of Edinburgh, provides sociological explanations for the achievement of the status of knowledge for certain claims at the expense of others. Often referred to simply as the Strong Programme, Sociology of Scientific Knowledge (SSK), or the Edinburgh School, it is critical of previous sociologies of science that had avoided discussing scientific knowledge itself and focused on the norms and values of science as a career (see for instance Merton, 1942). Such an approach was antithetical to most of the scholarship within the history and philosophy of science of the time, notably the works of Imre Lakatos, who argued that correct knowledge was self-evident and did not require further explanation. Rather, Lakatos claimed, it was incorrect knowledge or unsupported beliefs that required explanation, with social factors impeding knowledge, resulting in bias that lead to incorrect claims. Strong Programmers such as Barry Barnes, David Bloor, and others were critical of such a sociology of error (where only error was explained via sociological explanation) and instead produced a programme for the study of the sociology of scientific knowledge, based on four key tenets: 1. It would be causal, that is, concerned with the conditions that bring about belief or states of knowledge. Naturally, there will be other types of causes apart from social ones which will cooperate in bringing about belief. 2. It would be impartial with respect to truth and falsity, rationality or irrationality, success or failure. Both sides of these dichotomies will require explanation. 3. It would be symmetrical in its style of explanation. The same types of cause would explain, say, true and false beliefs. 4. It would be reflexive. In principle, its patterns of explanations would have to be applicable to sociology itself.(Bloor, 1991, p. 7) This entry explores the transition from weak to strong forms in the sociology of science, before highlighting some of the misunderstandings surrounding the Strong Programme, particularly regarding its relativism and the conventional nature of knowledge. This entry concludes with a discussion of one of the most powerful tools developed by the Strong Programme, finitism (Barnes et al., 1996), which continues to be used to study a range of scientific, technological, and medical practices.",2019,,Tipo 6 RF,,,revision_manual,Legacy label is unresolved and must stay in manual review.,True,False,strong programme in the sociology of scientific knowledge,,cdc8ef0aa2ce37dc282baf538c15df783bbecba7a0882e8a8b2d760b820498f7,,,,True,missing_source_columns,revision_manual
seed:Clasificados:40,seed,Clasificados,PERSPECTIVES ON THE SOCIOLOGY OF SCIENCE,… In this paper I argue that the analytic perspective known as the ’sociology of scientific … of science. In particular. I suggest that three pervasive features of academic scientific practice …,0,,No,,,sin_etiqueta,Explicitly marked as not labeled; exclude from gold and keep review-visible.,True,False,perspectives on the sociology of science,,34f36c70739ddd2b39b5ccaebcf6cf1eb818fc61f1bfada4f0062ffbff2a2d9c,,,,True,missing_source_columns,sin_etiqueta
seed:Clasificados:51,seed,Clasificados,"Actor network theory, Bruno Latour, and the CSI","When Nicole Nelson asked me to write a short piece on Latour and my work with him and Michel Callon articulating Actor Network Theory, I have to admit that I was a bit embarrassed, because this is not really how I remember my first years at the Centre de Sociologie de l’Innovation (CSI).
When I arrived at the end of 1983, Bruno Latour had been there at Michel Callon’s invitation for a year, but they had begun their collaboration a few years earlier. They were attempting to evangelize the French social sciences to the emerging field of STS, chiefly by translating and publishing several collections of articles on the history and sociology of science and the history of technology from journals such as Social Studies of Science and Technology and Culture (Callon & Latour, 1982, 1985; Latour, 1985). Their proselytizing did not meet much success, but these collections became canonical for the young researchers transiting through CSI. They had also published their article on Leviathan, which proposed nothing less than to re-found sociology on a new basis (Callon & Latour, 1981).",2023,,Tipo 6 RF,,,revision_manual,Legacy label is unresolved and must stay in manual review.,True,False,actor network theory bruno latour and the csi,,bacf2d5f5e2eec6e3dcd46bd02fc8ec44b78ae7acaeea5b15b6ac2d325cacbd1,,,,True,missing_source_columns,revision_manual
seed:Clasificados:52,seed,Clasificados,Critical feminist history of psychology versus sociology of scientific knowledge: Contrasting views of women scientists?,"With the rise of second-wave feminism, new theoretical perspectives on women scientists began to emerge. By the 1980s and 1990s, 2 contrasting views of women scientists were discernible. Within the former, critical feminist historians rendered more visible and re/placed the lives and achievements of women psychologists within psychology’s history, challenged the “add women and stir” approach to the history of women psychologists, and suggested the need to view history through the lens of women’s distinct experiences within sexist scientific structures. Within the sociology of scientific knowledge, the contributions and experiences of women scientists remained largely ignored in favor of a meritocratic, universalistic, and objectivist image of science, despite recognition of the importance of social relations in scientific knowledge production. Today, a comparative analysis of developments within psychology and the sociology of scientific knowledge suggests a more nuanced, less dichotomous juxtaposition of views. Alongside critical feminist history of psychology, objectivist views of women scientists have also remained evident within related psychological subdisciplines, and the sociology of scientific knowledge has seen the emergence of feminist studies of science, technology, and society, on the borders of more traditional, objectivist views. This article reflects on some of the assumptions underlying different views of women scientists, past and present, within these (sub) disciplines. More broadly, this article examines the relevance of new developments in feminist theory and neoliberalism in theorizing women’s scientific careers, analyzes conceptualizations of gender discrimination and their implications for theory, and considers whether such (sub) disciplinary comparisons remain pertinent to understanding gendered scientific structures.(PsycInfo Database Record (c) 2022 APA, all rights reserved)",2020,,Tipo 6 RF,,,revision_manual,Legacy label is unresolved and must stay in manual review.,True,False,critical feminist history of psychology versus sociology of scientific knowledge contrasting views of women scientists,,e4dbdc29181c91cdb2bf07b0d41fabd19baf92f6502af85f74a473d154733ec6,,,,True,missing_source_columns,revision_manual
seed:Clasificados:55,seed,Clasificados,Relativism in the Philosophy of Science,"Summary'Relativism versus absolutism'is one of the fundamental oppositions that have dominated reflections about science for much of its (modern) history. Often these reflections have been inseparable from wider social-political concerns regarding the position of science in society. Where does this debate stand in the philosophy and sociology of science today? And how does the'relativism question'relate to current concerns with'post truth'politics? In Relativism in the Philosophy of Science, Martin Kusch examines some of the most influential …",2020,,Tipo 6 RF,,,revision_manual,Legacy label is unresolved and must stay in manual review.,True,False,relativism in the philosophy of science,,e248969311c33751f5cf45aab345e7b184c7ab9be82831de59957312badb6901,,,,True,missing_source_columns,revision_manual
seed:Clasificados:68,seed,Clasificados,Editorial Vision for Science & Education,"It is my distinct honour to take on the leadership of Science & Education as the new editor-inchief. I am looking forward to serving the journal along with my colleagues Olivia Levrini and Maurício Pietrocola Pinto de Oliveira as the associate editors and Gábor Áron Zemplén as the book reviews editor.
Since its inception in 1992, Science & Education has been pioneering scholarship in the applications of history, philosophy and sociology of science (HPS) in science education. It can be argued that the journal along with affiliated association, IHPST, have been instrumental in creating a new research and development agenda in science education. A significant aspect of the research agenda has been the contribution of theoretical investigations on the nature of science and related fields such as mathematics and technology, and the implications for education. The journal has published a diverse array of manuscripts exploring how HPS and related fields, including Science-Technology-Society and Science studies, can be used for the improvement of education. The uptake of the research agenda is increasingly evident in the improvement of the journal's impact factor as reported in his farewell editorial by Kostas Kampourakis, the former editor-in-chief of the journal. Despite progress in terms of the uptake of HPS as a credible area of research in science education, challenges remain. Although the journal has been a strong voice for underscoring the significance of HPS in the improvement of science education, the appropriation of the message outside of the IHPST community has been limited, particularly in journals dedicated to research in science education including those that focus on particular science domains. Consider, for example, some of the trends highlighted in a recent review of chemistry education research. Teo et al.(2014) reported findings from a content analysis of chemistry education research papers published in two top-tiered chemistry education journals and four top-tiered science education journals from 2004 to 2013. The authors observed that of 650 papers in these journals, only 4 or 0.6% were dedicated to history, philosophy and nature of chemistry.",2020,,,,,sin_etiqueta,Blank legacy label; exclude from gold and keep review-visible.,True,False,editorial vision for science education,,201a08e4f27f225a606413e845205ff7e3c593c046c1ce2e0528a54c0015e212,,,,True,missing_source_columns,sin_etiqueta
seed:Clasificados:69,seed,Clasificados,Anthropology of Science: The Cuneiform World,"Across the Humanities and Social Sciences there is an array of analytical approaches to the nature of science: the expressly epistemological emphasis of the philosophy of science, the macro-analytic social-structural or institutional emphasis of the sociology of science, the historical emphasis of the history of science, and the cultural emphasis of the anthropology of science. Of these approaches, the anthropology of science does not have the foothold on discourses about science as do the history, philosophy, or sociology of science. Despite differences in criteria for such knowledge or its claims, all have stakes in knowledge formation, as that is arguably the heart of scientific inquiry. When the anthropology of science is invoked nowadays, most would think first of Bruno Latour, who in a lengthy review article in Studies in History and Philosophy of Science in 1990, set terms for an anthropology of science aimed not at “the Tropics”(as he dubbed the “classical domain of anthropology”) but rather at modern Western science. 1 This was based on Latour’s",2019,,Tipo 6 RF,,,revision_manual,Legacy label is unresolved and must stay in manual review.,True,False,anthropology of science the cuneiform world,,0c4bad63f9453af429a56ccd4320c83ba031141d1543e59d42e8b9769f84d11a,,,,True,missing_source_columns,revision_manual
muestras:Muestras:29,muestras,Muestras,Social Constructionism,[No abstract available],2009,10.1002/9781444304992.ch14,Tipo 6 CF - R,Tipo 6 - Constructivismo fuerte / relativismo,tipo_6_constructivismo_fuerte_relativismo,directo,Approved direct legacy label for the canonical Arbor contract.,False,False,social constructionism,10.1002/9781444304992.ch14,0873e358a0df264ebd336f7b9fd802ab98113ed61109295035ee159fb0b5a17c,,,,True,missing_source_columns,abstract_too_thin
muestras:Muestras:38,muestras,Muestras,"The Hinterland of Science: Ideology and The ""Sociology of Knowledge""",[No abstract available],2021,10.4324/9780203709375-3,Tipo 5 CM,Tipo 5 - Constructivismo moderado,tipo_5_constructivismo_moderado,directo,Approved direct legacy label for the canonical Arbor contract.,False,False,the hinterland of science ideology and the sociology of knowledge,10.4324/9780203709375-3,0873e358a0df264ebd336f7b9fd802ab98113ed61109295035ee159fb0b5a17c,,,,True,missing_source_columns,abstract_too_thin
muestras:Muestras:47,muestras,Muestras,TOWARDS A SOBER SOCIOLOGY OF SCIENCE,[No abstract available],1995,10.1111/j.1749-6632.1996.tb23145.x,Tipo 2 RC,Tipo 2 - Realismo moderado / critico,tipo_2_realismo_moderado_critico,fusionado,Approved alias merge into canonical Type 2.,False,False,towards a sober sociology of science,10.1111/j.1749-6632.1996.tb23145.x,0873e358a0df264ebd336f7b9fd802ab98113ed61109295035ee159fb0b5a17c,,,,True,missing_source_columns,abstract_too_thin
muestras:Muestras:98,muestras,Muestras,Infrastructure and the state in science and technology studies,[No abstract available],2015,10.1177/0306312714537566,Tipo 5 CM,Tipo 5 - Constructivismo moderado,tipo_5_constructivismo_moderado,directo,Approved direct legacy label for the canonical Arbor contract.,False,False,infrastructure and the state in science and technology studies,10.1177/0306312714537566,0873e358a0df264ebd336f7b9fd802ab98113ed61109295035ee159fb0b5a17c,,,,True,missing_source_columns,abstract_too_thin
