record_id,source_dataset,source_sheet,title,abstract,year,doi,label_original,label_canonica,canonical_id,mapping_status,mapping_notes,review_required,include_in_gold,title_normalized,doi_normalized,abstract_hash,methodology_label,methodology_branch,methodology_subtype,methodology_review_required,methodology_review_reason,author_keywords,index_keywords,keywords_available,keywords_applied,text_input,methodology_text_variant,methodology_empirical_score,methodology_non_empirical_score,methodology_qualitative_score,methodology_quantitative_score,methodology_signal_terms
seed:Clasificados:7,seed,Clasificados,How can governance change research content? Linking science policy studies to the sociology of science,"Although science studies routinely assume that governance can change research content, we know little about how it does that. Science policy actors, commercial interests and civil society actors utilise a variety of governance instruments and processes to change the directions or to improve the quality of research. Both can be achieved only by making researchers select different goals and approaches, that is, change the content of their work.
A recent review returned very few studies that investigated the impact of governance on research content and even fewer that convincingly established causality (Gläser and Laudel 2016). Empirical studies of competitive project funding focused on the validity and reliability of selection procedures and largely shunned the investigation of pre-emptive adaptation of project content or effects of selective funding on the dynamics of research fields (ibid: 122–125). The governance of emerging fields has been studied with the fields’ growth as the only dependent variable approximating content (ibid: 126–129). Most studies of the effects of performance-based funding limit themselves to changes in publication behaviour, whose causal ascription to performance-based funding can charitably be described as tenuous (ibid: 129–134; Gläser 2017). Finally, studies of academy–industry links have produced some interesting results on the impact of such links on the diffusion of knowledge (Evans 2010a; b) and on the increased likelihood of findings that are consistent with an industrial funder’s interests (Krimsky 2013) and on the impact of such links on the diffusion of knowledge (Evans 2010a; b). However, the empirical evidence of many studies is contradictory, which has led to a call for more in-depth studies of academy–industry links (Krimsky 2013). Most of these findings do not lend themselves to theoretical generalisation because they draw on specific cases in particular fields. More importantly, theoretical progress cannot be achieved with the current implicit division of labour between subfields of science studies. Science policy",2019,,Tipo 5 CM ,Tipo 5 - Constructivismo moderado,tipo_5_constructivismo_moderado,directo,Approved direct legacy label for the canonical Arbor contract.,False,True,how can governance change research content linking science policy studies to the sociology of science,,e9c3d5bd7ec740e082aa4dcf9975708d8f2cf62693b8005eec40499e104330d0,,,,True,conflicting_cues,,,False,False,"Although science studies routinely assume that governance can change research content, we know little about how it does that. Science policy actors, commercial interests and civil society actors utilise a variety of governance instruments and processes to change the directions or to improve the quality of research. Both can be achieved only by making researchers select different goals and approaches, that is, change the content of their work.
A recent review returned very few studies that investigated the impact of governance on research content and even fewer that convincingly established causality (Gläser and Laudel 2016). Empirical studies of competitive project funding focused on the validity and reliability of selection procedures and largely shunned the investigation of pre-emptive adaptation of project content or effects of selective funding on the dynamics of research fields (ibid: 122–125). The governance of emerging fields has been studied with the fields’ growth as the only dependent variable approximating content (ibid: 126–129). Most studies of the effects of performance-based funding limit themselves to changes in publication behaviour, whose causal ascription to performance-based funding can charitably be described as tenuous (ibid: 129–134; Gläser 2017). Finally, studies of academy–industry links have produced some interesting results on the impact of such links on the diffusion of knowledge (Evans 2010a; b) and on the increased likelihood of findings that are consistent with an industrial funder’s interests (Krimsky 2013) and on the impact of such links on the diffusion of knowledge (Evans 2010a; b). However, the empirical evidence of many studies is contradictory, which has led to a call for more in-depth studies of academy–industry links (Krimsky 2013). Most of these findings do not lend themselves to theoretical generalisation because they draw on specific cases in particular fields. More importantly, theoretical progress cannot be achieved with the current implicit division of labour between subfields of science studies. Science policy",abstract_plus_keywords,1,1,0,0,empirical | theoretical
seed:Clasificados:12,seed,Clasificados,"Meaning at the Planck scale? Contextualized word embeddings for doing history, philosophy, and sociology of science","This paper explores the potential of contextualized word embeddings (CWEs) as a new tool in the history, philosophy, and sociology of science (HPSS) for studying contextual and evolving meanings of scientific concepts. Using the term"" Planck"" as a test case, I evaluate five BERT-based models with varying degrees of domain-specific pretraining, including my custom model Astro-HEP-BERT, trained on the Astro-HEP Corpus, a dataset containing 21.84 million paragraphs from 600,000 articles in astrophysics and high-energy physics. For …",2024,,Tipo 3 AE,Tipo 3 - Antirrealismo epistemologico,tipo_3_antirrealismo_epistemologico,directo,Approved direct legacy label for the canonical Arbor contract.,False,True,meaning at the planck scale contextualized word embeddings for doing history philosophy and sociology of science,,24b86ed6d9f5203e46476175ac970544cfbe7bb0f8adcb9781d1bf7824fef82b,empirico,empirico,,True,insufficient_evidence,,,False,False,"This paper explores the potential of contextualized word embeddings (CWEs) as a new tool in the history, philosophy, and sociology of science (HPSS) for studying contextual and evolving meanings of scientific concepts. Using the term"" Planck"" as a test case, I evaluate five BERT-based models with varying degrees of domain-specific pretraining, including my custom model Astro-HEP-BERT, trained on the Astro-HEP Corpus, a dataset containing 21.84 million paragraphs from 600,000 articles in astrophysics and high-energy physics. For …",abstract_plus_keywords,1,0,0,0,dataset
seed:Clasificados:18,seed,Clasificados,Towards a Sociology of Science and Theology,"The empirical focus of the chapter is senior church leaders’ views on science and religion. I draw on this body of work to illustrate how my Science and Technology Studies (STS) approach leads to what can be thought of as a sociology of science and theology which I argue should have a place in the Social Study of Science and Religion. The main argument is that STS, and more specifically Sociology of Scientific Knowledge, helps scholars of science and religion to engage more fully with theoretical questions around the relationship between knowledge, practice, and ethics salient in the context of religious communities.",2024,,Tipo 5 CM ,Tipo 5 - Constructivismo moderado,tipo_5_constructivismo_moderado,directo,Approved direct legacy label for the canonical Arbor contract.,False,True,towards a sociology of science and theology,,c049481a91b1fcbc913a07f6a5cda634e7a1e0cf8489cccd75c6ce405287ea25,,,,True,conflicting_cues,,,False,False,"The empirical focus of the chapter is senior church leaders’ views on science and religion. I draw on this body of work to illustrate how my Science and Technology Studies (STS) approach leads to what can be thought of as a sociology of science and theology which I argue should have a place in the Social Study of Science and Religion. The main argument is that STS, and more specifically Sociology of Scientific Knowledge, helps scholars of science and religion to engage more fully with theoretical questions around the relationship between knowledge, practice, and ethics salient in the context of religious communities.",abstract_plus_keywords,1,1,0,0,empirical | theoretical
seed:Clasificados:27,seed,Clasificados,Experimentation in the sociology of science: Representational and generative registers in the imitation game,"The 'experiment'has been a central topic in the history and sociology of science, especially since Science & Technology Studies (STS) set out to empirically study the segregated laboratory spaces where scientific experimentation takes place (Collins, 1985; Knorr-Cetina, 1981; Latour & Woolgar, 1979). Historical approaches focused on understanding how the experimental mode of knowledge production became dominant in the natural sciences, and to what effects (Shapin and Shaffer, 1985).The perception that experiments are primarily …",2019,,Tipo 4 PE,Tipo 4 - Pragmatismo epistemologico,tipo_4_pragmatismo_epistemologico,directo,Approved direct legacy label for the canonical Arbor contract.,False,True,experimentation in the sociology of science representational and generative registers in the imitation game,,876a14ea100f5ed449cb38b76ada49bb4f9b7791137b8a98d36c7932670f9156,empirico,empirico,,True,insufficient_evidence,,,False,False,"The 'experiment'has been a central topic in the history and sociology of science, especially since Science & Technology Studies (STS) set out to empirically study the segregated laboratory spaces where scientific experimentation takes place (Collins, 1985; Knorr-Cetina, 1981; Latour & Woolgar, 1979). Historical approaches focused on understanding how the experimental mode of knowledge production became dominant in the natural sciences, and to what effects (Shapin and Shaffer, 1985).The perception that experiments are primarily …",abstract_plus_keywords,2,0,0,0,empirical | experiment
seed:Clasificados:36,seed,Clasificados,"From the Problem of Genius to the Integration of Philosophy, History, and Sociology of Science: Edgar Zilsel's Life and Work Viewed in the Context of Recent …","Edgar Zilsel (1891–1944) was a typical outsider for several reasons – as a Jew, socialist, and scholar outside the university aiming at an integrated history, philosophy, and sociology of science from a materialistic point of view. His main publications and research projects in Vienna (on induction and probability, the problem of genius, philosophy in political context) and after his forced migration (on the origins of modern science and the laws of nature and history) are described and analyzed here in their diachronic and synchronic connections and contexts. Even though Zilsel’s projects were left uncompleted for largely external reasons, their underlying continuity and unity can serve as a heuristic tool for interpreting his complex life’s work. Below, a bio-bibliographical sketch of Zilsel from Vienna to the exile years in the USA (with a case study on Zilsel in Harvard 1939) is followed by a survey of research on Zilsel from the 1970s to the present. The conclusion compares Zilsel’s work before, during, and after his Vienna Circle period: despite the criticisms of and extensions to his work (esp. the “Zilsel thesis”), the relevance of his achievements and his unfinished research program stands undiminished.",2022,,Tipo 2 RM,Tipo 2 - Realismo moderado / critico,tipo_2_realismo_moderado_critico,fusionado,Approved alias merge into canonical Type 2.,False,True,from the problem of genius to the integration of philosophy history and sociology of science edgar zilsel s life and work viewed in the context of recent,,145168254d4067418540dbaf4e5114b5b77c2cd1aff96297ea8095fae70938df,empirico,empirico,,True,conflicting_cues,,,False,False,"Edgar Zilsel (1891–1944) was a typical outsider for several reasons – as a Jew, socialist, and scholar outside the university aiming at an integrated history, philosophy, and sociology of science from a materialistic point of view. His main publications and research projects in Vienna (on induction and probability, the problem of genius, philosophy in political context) and after his forced migration (on the origins of modern science and the laws of nature and history) are described and analyzed here in their diachronic and synchronic connections and contexts. Even though Zilsel’s projects were left uncompleted for largely external reasons, their underlying continuity and unity can serve as a heuristic tool for interpreting his complex life’s work. Below, a bio-bibliographical sketch of Zilsel from Vienna to the exile years in the USA (with a case study on Zilsel in Harvard 1939) is followed by a survey of research on Zilsel from the 1970s to the present. The conclusion compares Zilsel’s work before, during, and after his Vienna Circle period: despite the criticisms of and extensions to his work (esp. the “Zilsel thesis”), the relevance of his achievements and his unfinished research program stands undiminished.",abstract_plus_keywords,4,0,1,1,case study | survey
seed:Clasificados:37,seed,Clasificados,What makes a good PhD thesis? Norms of science as reflected in written assessments of PhD theses,"This study looks at assessment of PhD theses from two perspectives: criteria in use in assessment reports at a science faculty and norms of science. Fifty assessment reports were analysed inductively, resulting in thirteen categories that examiners consider when assessing a thesis. These categories were compared with norms of science as described in the sociology of science. The study shows a high congruence between the two perspectives, but also new categories worthy of further discussion and research. Relevance of the thesis research and quality by proxy (that publication is an indicator of quality) stand out very clearly in this study compared with earlier assessment research. These two categories are both relatively new categories in assessment research and indicate that the classical norms of science are changing with an increasing influence of post-academic norms in academia.",2023,,Tipo 2 RM,Tipo 2 - Realismo moderado / critico,tipo_2_realismo_moderado_critico,fusionado,Approved alias merge into canonical Type 2.,False,True,what makes a good phd thesis norms of science as reflected in written assessments of phd theses,,42a11e03aca23f296ab854382659e163fa35e590fd8a7f31efa66c56b22e1bc8,,,,True,conflicting_cues,,,False,False,"This study looks at assessment of PhD theses from two perspectives: criteria in use in assessment reports at a science faculty and norms of science. Fifty assessment reports were analysed inductively, resulting in thirteen categories that examiners consider when assessing a thesis. These categories were compared with norms of science as described in the sociology of science. The study shows a high congruence between the two perspectives, but also new categories worthy of further discussion and research. Relevance of the thesis research and quality by proxy (that publication is an indicator of quality) stand out very clearly in this study compared with earlier assessment research. These two categories are both relatively new categories in assessment research and indicate that the classical norms of science are changing with an increasing influence of post-academic norms in academia.",abstract_plus_keywords,1,1,0,0,perspective | this study
seed:Clasificados:61,seed,Clasificados,Reflexive methodology and the empirical theory of science,"»Reflexive Methodologie und die empirische Wissenschaftstheorie«. Inspired by hermeneutics tradition, qualitative as well as quantitative social research has realized that the subject matter of the social sciences is always interpreted by the actors studied. Social studies of science have also demonstrated that science itself depends on preinterpreted knowledge. In recent decades, it therefore became increasingly clear that any scientific methodology needs to account for the positionality of researchers and their methodology. In addition to the abstract armchair methodologies of scientific “reasoning,” reflexive methodology has been proposed as an approach to empirical study of more than just the procedures and methods of the very researchers who are doing research, such as the videography of videography. It is one goal of this paper to stress that reflexive methodology is not a self-contained method describing and analyzing the practical methodology of one’s action. To the degree that the analysis of the “real live” method is intended to guide research, reflexive methodology has also normative implications. As these normative implications have been referred to by the label theory of science, the second goal of this presentation is to delineate the idea of empirical theory of science.",2021,,Tipo 5 CM ,Tipo 5 - Constructivismo moderado,tipo_5_constructivismo_moderado,directo,Approved direct legacy label for the canonical Arbor contract.,False,True,reflexive methodology and the empirical theory of science,,94e63eca2f0720c6416f5be13a1cfc9ce393aecab7b42e49700edede0e32478a,empirico,empirico,,True,conflicting_cues,,,False,False,"»Reflexive Methodologie und die empirische Wissenschaftstheorie«. Inspired by hermeneutics tradition, qualitative as well as quantitative social research has realized that the subject matter of the social sciences is always interpreted by the actors studied. Social studies of science have also demonstrated that science itself depends on preinterpreted knowledge. In recent decades, it therefore became increasingly clear that any scientific methodology needs to account for the positionality of researchers and their methodology. In addition to the abstract armchair methodologies of scientific “reasoning,” reflexive methodology has been proposed as an approach to empirical study of more than just the procedures and methods of the very researchers who are doing research, such as the videography of videography. It is one goal of this paper to stress that reflexive methodology is not a self-contained method describing and analyzing the practical methodology of one’s action. To the degree that the analysis of the “real live” method is intended to guide research, reflexive methodology has also normative implications. As these normative implications have been referred to by the label theory of science, the second goal of this presentation is to delineate the idea of empirical theory of science.",abstract_plus_keywords,3,0,1,1,empirical | qualitative | quantitative
seed:Clasificados:72,seed,Clasificados,Rethinking science as a vocation: One hundred years of bureaucratization of academic science,"One hundred years ago, in his lecture Science as a Vocation, Max Weber prefigured a transition from science as a calling to science as bureaucratically organized work. He argued that a calling for science is critical for sustaining scientific work. Using Weber's arguments for science as a vocation as a lens, in this paper, we discuss whether a calling for science may become difficult to maintain in increasingly bureaucratized scientific work—and also whether such a calling is necessary for the advance of science. We present empirical …",2022,,Tipo 5 CM ,Tipo 5 - Constructivismo moderado,tipo_5_constructivismo_moderado,directo,Approved direct legacy label for the canonical Arbor contract.,False,True,rethinking science as a vocation one hundred years of bureaucratization of academic science,,1327935ebd43427179eaa860189524325def426f4ac2e499a0d49c6350d8808d,empirico,empirico,,True,insufficient_evidence,,,False,False,"One hundred years ago, in his lecture Science as a Vocation, Max Weber prefigured a transition from science as a calling to science as bureaucratically organized work. He argued that a calling for science is critical for sustaining scientific work. Using Weber's arguments for science as a vocation as a lens, in this paper, we discuss whether a calling for science may become difficult to maintain in increasingly bureaucratized scientific work—and also whether such a calling is necessary for the advance of science. We present empirical …",abstract_plus_keywords,1,0,0,0,empirical
muestras:Muestras:12,muestras,Muestras,The modality of the textual institutionalisation of literary studies: Towards a sociology,"This paper aims to present a sociology of literary studies that is distinguished from the sociology of literature in that its focus is on literary studies as a social practice rather than as a socio-cultural institution: how literary studies is institutionalized as such not how it functions in relation to literature. The sociological analysis of literary studies in this paper entails two tasks. Firstly, it constructs a methodological frame within which literary studies can be observed and analysed in terms of the rules of discursive formation rather than as a pre-discursive entity. This is achieved through conceptualizing the Foucauldian notion of discursive formation and knowledge practice as an analytic strategy and operationalising it via Paul Dowling's Social Activity Method. Empirically, the analysis produces a description of the practice of literary studies as instantiated in the particular region of the practice constituted with what I refer to as the crisis discourse. The analysis describes literary studies as that which is emergent upon differing institutionalising strategies articulated by its participants to mark out literary studies from other practices and to maintain its disciplinarity through regulating the distribution and the access of the distribution of the discourse within and beyond the practice. The generalisability of the research in this paper lies in the applicability of the analytical method that can be employed at any given level of analysis to examine discursive practice-such as literary studies-as the effects of the particular discourses in terms of how they articulate and sustain the institutionalised identity of the practice.",2011,,Tipo 6 CF - R,Tipo 6 - Constructivismo fuerte / relativismo,tipo_6_constructivismo_fuerte_relativismo,directo,Approved direct legacy label for the canonical Arbor contract.,False,True,the modality of the textual institutionalisation of literary studies towards a sociology,,dcd560e60615348c86965632b18e49b4a54fb49a3d1611f2841b30fe0c0f614d,empirico,empirico,,True,insufficient_evidence,Cultural studies; Disciplinarity; Discursive formation; Foucault; Institutionalisation; Research methodology; Social activity method; Sociology of knowledge; Sociology of literary studies; Sociology of literature,,True,True,"This paper aims to present a sociology of literary studies that is distinguished from the sociology of literature in that its focus is on literary studies as a social practice rather than as a socio-cultural institution: how literary studies is institutionalized as such not how it functions in relation to literature. The sociological analysis of literary studies in this paper entails two tasks. Firstly, it constructs a methodological frame within which literary studies can be observed and analysed in terms of the rules of discursive formation rather than as a pre-discursive entity. This is achieved through conceptualizing the Foucauldian notion of discursive formation and knowledge practice as an analytic strategy and operationalising it via Paul Dowling's Social Activity Method. Empirically, the analysis produces a description of the practice of literary studies as instantiated in the particular region of the practice constituted with what I refer to as the crisis discourse. The analysis describes literary studies as that which is emergent upon differing institutionalising strategies articulated by its participants to mark out literary studies from other practices and to maintain its disciplinarity through regulating the distribution and the access of the distribution of the discourse within and beyond the practice. The generalisability of the research in this paper lies in the applicability of the analytical method that can be employed at any given level of analysis to examine discursive practice-such as literary studies-as the effects of the particular discourses in terms of how they articulate and sustain the institutionalised identity of the practice.

Author Keywords: Cultural studies; Disciplinarity; Discursive formation; Foucault; Institutionalisation; Research methodology; Social activity method; Sociology of knowledge; Sociology of literary studies; Sociology of literature",abstract_plus_keywords,2,1,0,0,conceptual | empirical | participants
muestras:Muestras:14,muestras,Muestras,New problems of a New Health System: the Creation of A National Public Policy of Rare Diseases Care in Brazil (1990s-2010s),"This study discusses actors and institution movements leading to the disclosure in 2014 of Resolution 199 by the Brazilian Ministry of Health, which establishes the National Policy for the Comprehensive Care of Persons with Rare Diseases. Taking as sources the mainstream newspapers, drafts law, and secondary literature on the subject, we begin our analysis in the early 1990s when the first patient associations were created in Brazil - mainly for claiming more funds for research on genetic diseases - and arrive at the late 2010s when negotiations for a national policy are taking place in the National Congress. Resolution 199 is part of an ongoing process and the path towards its disclosure and the complications that followed have given us elements to discuss contemporary aspects of the Brazilian public health. Based on the references of the history of the present time and the social studies of science, we argue that two aspects have been fundamental to creating a national policy: framing different illnesses within the terminology &#x201C;rare diseases&#x201D; and the construction of a public perception about the right of health which is guaranteed by the 1988 Brazilian Constitution.",2019,10.18294/sc.2020.2210,Tipo 5 CM,Tipo 5 - Constructivismo moderado,tipo_5_constructivismo_moderado,directo,Approved direct legacy label for the canonical Arbor contract.,False,True,new problems of a new health system the creation of a national public policy of rare diseases care in brazil 1990s 2010s,10.18294/sc.2020.2210,e7bf1bce1da29051b08ffff98d268be4317954ab3b2f72967b8084f2d3d3b709,empirico,empirico,,True,insufficient_evidence,Brazil.; Comprehensive Health Care; Health System; Public Policy; Rare Diseases,,True,True,"This study discusses actors and institution movements leading to the disclosure in 2014 of Resolution 199 by the Brazilian Ministry of Health, which establishes the National Policy for the Comprehensive Care of Persons with Rare Diseases. Taking as sources the mainstream newspapers, drafts law, and secondary literature on the subject, we begin our analysis in the early 1990s when the first patient associations were created in Brazil - mainly for claiming more funds for research on genetic diseases - and arrive at the late 2010s when negotiations for a national policy are taking place in the National Congress. Resolution 199 is part of an ongoing process and the path towards its disclosure and the complications that followed have given us elements to discuss contemporary aspects of the Brazilian public health. Based on the references of the history of the present time and the social studies of science, we argue that two aspects have been fundamental to creating a national policy: framing different illnesses within the terminology &#x201C;rare diseases&#x201D; and the construction of a public perception about the right of health which is guaranteed by the 1988 Brazilian Constitution.

Author Keywords: Brazil.; Comprehensive Health Care; Health System; Public Policy; Rare Diseases",abstract_plus_keywords,1,0,0,0,this study
muestras:Muestras:15,muestras,Muestras,Prestige drives epistemic inequality in the diffusion of scientific ideas,"The spread of ideas in the scientific community is often viewed as a competition, in which good ideas spread further because of greater intrinsic fitness, and publication venue and citation counts correlate with importance and impact. However, relatively little is known about how structural factors influence the spread of ideas, and specifically how where an idea originates might influence how it spreads. Here, we investigate the role of faculty hiring networks, which embody the set of researcher transitions from doctoral to faculty institutions, in shaping the spread of ideas in computer science, and the importance of where in the network an idea originates. We consider comprehensive data on the hiring events of 5032 faculty at all 205 Ph.D.-granting departments of computer science in the U.S. and Canada, and on the timing and titles of 200,476 associated publications. Analyzing five popular research topics, we show empirically that faculty hiring can and does facilitate the spread of ideas in science. Having established such a mechanism, we then analyze its potential consequences using epidemic models to simulate the generic spread of research ideas and quantify the impact of where an idea originates on its longterm diffusion across the network. We find that research from prestigious institutions spreads more quickly and completely than work of similar quality originating from less prestigious institutions. Our analyses establish the theoretical trade-offs between university prestige and the quality of ideas necessary for efficient circulation. Our results establish faculty hiring as an underlying mechanism that drives the persistent epistemic advantage observed for elite institutions, and provide a theoretical lower bound for the impact of structural inequality in shaping the spread of ideas in science. © 2018, The Author(s).",2018,10.1140/epjds/s13688-018-0166-4,Tipo 2 RC,Tipo 2 - Realismo moderado / critico,tipo_2_realismo_moderado_critico,fusionado,Approved alias merge into canonical Type 2.,False,True,prestige drives epistemic inequality in the diffusion of scientific ideas,10.1140/epjds/s13688-018-0166-4,eac75e1ff11173775894e19e498ee2a004f4fe7997ff16d0915fe0e3a197e41d,,,,True,conflicting_cues,Computational social science; Faculty hiring networks; Information diffusion; Social inequality; Sociology of science,Digital storage; Economic and social effects; Citation counts; Computational social science; Epidemic models; Information diffusion; Scientific community; Social inequalities; Sociology of science; Structural factor; Employment,True,True,"The spread of ideas in the scientific community is often viewed as a competition, in which good ideas spread further because of greater intrinsic fitness, and publication venue and citation counts correlate with importance and impact. However, relatively little is known about how structural factors influence the spread of ideas, and specifically how where an idea originates might influence how it spreads. Here, we investigate the role of faculty hiring networks, which embody the set of researcher transitions from doctoral to faculty institutions, in shaping the spread of ideas in computer science, and the importance of where in the network an idea originates. We consider comprehensive data on the hiring events of 5032 faculty at all 205 Ph.D.-granting departments of computer science in the U.S. and Canada, and on the timing and titles of 200,476 associated publications. Analyzing five popular research topics, we show empirically that faculty hiring can and does facilitate the spread of ideas in science. Having established such a mechanism, we then analyze its potential consequences using epidemic models to simulate the generic spread of research ideas and quantify the impact of where an idea originates on its longterm diffusion across the network. We find that research from prestigious institutions spreads more quickly and completely than work of similar quality originating from less prestigious institutions. Our analyses establish the theoretical trade-offs between university prestige and the quality of ideas necessary for efficient circulation. Our results establish faculty hiring as an underlying mechanism that drives the persistent epistemic advantage observed for elite institutions, and provide a theoretical lower bound for the impact of structural inequality in shaping the spread of ideas in science. © 2018, The Author(s).

Author Keywords: Computational social science; Faculty hiring networks; Information diffusion; Social inequality; Sociology of science | Index Keywords: Digital storage; Economic and social effects; Citation counts; Computational social science; Epidemic models; Information diffusion; Scientific community; Social inequalities; Sociology of science; Structural factor; Employment",abstract_plus_keywords,1,1,0,0,empirical | theoretical
muestras:Muestras:18,muestras,Muestras,The cognitive and the social structure of STS,"The differentiation of scientific fields into sub-fields can be studied on the level of the 'scientific content' of the sub-field, that is on the level of the products, as well as on the level of the 'social structures' of the sub-field, that is on the level of the producers of the content. By comparing the behavior of the constructs with the behavior of the constructors, we are able to demonstrate the analytical distinction between a cognitive and a social approach in an empirical way. This will be illustrated using the case of integration and differentiation in Science and Technology Studies (STS). Elsewhere, using relations between documents, I showed how STS is characterized by strong differentiation tendencies. In this paper I address the question to what extent this differentiation is also reflected in the social structure of the STS field. Can STS scholars and STS research groups be classified in terms of the sub-fields? Or do researchers and institutes carry an integrative role in the STS field? Are the relations between the sub-fields of STS maintained by individual researchers or research institutes, and to what extent? The analysis in this paper reveals that this is generally not the case. Although we are able to distinguish analytically between the cognitive and social dimension of the development of the research field, we find similar patterns of differentiation on the social level too. At the same time, this differentiation differs in some respects from the cognitive differentiation pattern. Consequently, the social and the cognitive dimensions of the STS field are not independent -as no serious STS scholar would argue - but also not identical, as radical constructivists claim, but are strongly interacting. Further analysis may reveal the leading dynamics, that is answering the question whether the 'social' follows the 'cognitive', the other way around, or whether the dynamics has the pattern of 'co-evolution'.",2001,10.1023/A:1012714020453,Tipo 1 RF,Tipo 1 - Realismo fuerte,tipo_1_realismo_fuerte,directo,Approved direct legacy label for the canonical Arbor contract.,False,True,the cognitive and the social structure of sts,10.1023/a:1012714020453,c0655096def627f8b4366183254b51672d49bb49e6863490ca53364c1cc630f9,empirico,empirico,,True,insufficient_evidence,,,False,False,"The differentiation of scientific fields into sub-fields can be studied on the level of the 'scientific content' of the sub-field, that is on the level of the products, as well as on the level of the 'social structures' of the sub-field, that is on the level of the producers of the content. By comparing the behavior of the constructs with the behavior of the constructors, we are able to demonstrate the analytical distinction between a cognitive and a social approach in an empirical way. This will be illustrated using the case of integration and differentiation in Science and Technology Studies (STS). Elsewhere, using relations between documents, I showed how STS is characterized by strong differentiation tendencies. In this paper I address the question to what extent this differentiation is also reflected in the social structure of the STS field. Can STS scholars and STS research groups be classified in terms of the sub-fields? Or do researchers and institutes carry an integrative role in the STS field? Are the relations between the sub-fields of STS maintained by individual researchers or research institutes, and to what extent? The analysis in this paper reveals that this is generally not the case. Although we are able to distinguish analytically between the cognitive and social dimension of the development of the research field, we find similar patterns of differentiation on the social level too. At the same time, this differentiation differs in some respects from the cognitive differentiation pattern. Consequently, the social and the cognitive dimensions of the STS field are not independent -as no serious STS scholar would argue - but also not identical, as radical constructivists claim, but are strongly interacting. Further analysis may reveal the leading dynamics, that is answering the question whether the 'social' follows the 'cognitive', the other way around, or whether the dynamics has the pattern of 'co-evolution'.",abstract_plus_keywords,1,0,0,0,empirical
muestras:Muestras:26,muestras,Muestras,How do potential knowledge users evaluate new claims about a contested resource? Problems of power and politics in knowledge exchange and mobilization,"This article examines how potential users of scientific and local/traditional/experiential knowledge evaluate new claims to knowing, using 67 interviews with government employees and non-governmental stakeholders involved in co-managing salmon fisheries in Canada's Fraser River. Research has consistently shown that there are major obstacles to moving new knowledge into policy, management, and public domains. New concepts such as Knowledge Exchange (KE) and Knowledge Mobilization (KMb) are being used to investigate these obstacles, but the processes by which potential users evaluate (sometimes competing) knowledge claims remain poorly understood. We use concepts from the sociology of science and find that potential users evaluate new knowledge claims based on three broad criteria: (1) the perceived merits of the claim, (2) perceptions of the character and motivation of the claimant, and (3) considerations of the social and political context of the claim. However, government employees and stakeholders have different interpretations of these criteria, leading to different knowledge preferences and normative expectations of scientists and other claimants. We draw both theoretical and practical lessons from these findings. With respect to theory, we argue that the sociology of science provides valuable insights into the political dimensions of knowledge and should be explicitly incorporated into KE/KMb research. With respect to practice, our findings underline the need for scientists and other claimants to make conscious decisions about whose expectations they hope to meet in their communications and engagement activities. © 2016 Elsevier Ltd",2016,10.1016/j.jenvman.2016.10.006,Tipo 5 CM,Tipo 5 - Constructivismo moderado,tipo_5_constructivismo_moderado,directo,Approved direct legacy label for the canonical Arbor contract.,False,True,how do potential knowledge users evaluate new claims about a contested resource problems of power and politics in knowledge exchange and mobilization,10.1016/j.jenvman.2016.10.006,4109e66e463ceca6d34f28190e6c4de0a9dc7a594005afeb1bd8bb95d18933fd,empirico,empirico,cuantitativo,True,conflicting_cues,Co-management; Fisheries; Knowledge exchange; Knowledge mobilization; Knowledge perception; Sociology of science,Animals; British Columbia; Canada; Communication; Fisheries; Humans; Information Dissemination; Knowledge; Organizations; Perception; Politics; Public Opinion; Rivers; Salmon; Sociology; British Columbia; Canada; Fraser River; Knowledge management; Co-management; Experiential knowledge; Government employees; Knowledge exchange; Knowledge mobilization; Knowledge perception; Mobilisation; Potential users; Power; Sociology of science; comanagement; decision making; knowledge; perception; policy development; politics; public sector; questionnaire survey; salmonid fishery; social characteristics; stakeholder; Canada; employee; expectation; fishery; government; human; human experiment; interview; motivation; perception; river; scientist; sociology; theoretical model; animal; British Columbia; information dissemination; interpersonal communication; knowledge; organization; perception; politics; procedures; public opinion; salmonine; sociology; Fisheries,True,True,"This article examines how potential users of scientific and local/traditional/experiential knowledge evaluate new claims to knowing, using 67 interviews with government employees and non-governmental stakeholders involved in co-managing salmon fisheries in Canada's Fraser River. Research has consistently shown that there are major obstacles to moving new knowledge into policy, management, and public domains. New concepts such as Knowledge Exchange (KE) and Knowledge Mobilization (KMb) are being used to investigate these obstacles, but the processes by which potential users evaluate (sometimes competing) knowledge claims remain poorly understood. We use concepts from the sociology of science and find that potential users evaluate new knowledge claims based on three broad criteria: (1) the perceived merits of the claim, (2) perceptions of the character and motivation of the claimant, and (3) considerations of the social and political context of the claim. However, government employees and stakeholders have different interpretations of these criteria, leading to different knowledge preferences and normative expectations of scientists and other claimants. We draw both theoretical and practical lessons from these findings. With respect to theory, we argue that the sociology of science provides valuable insights into the political dimensions of knowledge and should be explicitly incorporated into KE/KMb research. With respect to practice, our findings underline the need for scientists and other claimants to make conscious decisions about whose expectations they hope to meet in their communications and engagement activities. © 2016 Elsevier Ltd

Author Keywords: Co-management; Fisheries; Knowledge exchange; Knowledge mobilization; Knowledge perception; Sociology of science | Index Keywords: Animals; British Columbia; Canada; Communication; Fisheries; Humans; Information Dissemination; Knowledge; Organizations; Perception; Politics; Public Opinion; Rivers; Salmon; Sociology; British Columbia; Canada; Fraser River; Knowledge management; Co-management; Experiential knowledge; Government employees; Knowledge exchange; Knowledge mobilization; Knowledge perception; Mobilisation; Potential users; Power; Sociology of science; comanagement; decision making; knowledge; perception; policy development; politics; public sector; questionnaire survey; salmonid fishery; social characteristics; stakeholder; Canada; employee; expectation; fishery; government; human; human experiment; interview; motivation; perception; river; scientist; sociology; theoretical model; animal; British Columbia; information dissemination; interpersonal communication; knowledge; organization; perception; politics; procedures; public opinion; salmonine; sociology; Fisheries",abstract_plus_keywords,6,1,1,2,experiment | interview | questionnaire | survey | theoretical
muestras:Muestras:32,muestras,Muestras,From market to market: Bioprospecting's idioms of inclusion,"In this article I explore how ""community"" and its foil, the (urban) market, provide competing models for the market-mediated modes of inclusion and exclusion on offer through bioprospecting agreements. Focusing on the collecting strategies of Mexican scientists implementing one such agreement, I show how community and market inform prospecting participants' ideas not just about (re)distributing benefits but also about managing the political liabilities now haunting corporate resource extraction in the South.",2003,10.1525/ae.2003.30.3.359,Tipo 6 CF - R,Tipo 6 - Constructivismo fuerte / relativismo,tipo_6_constructivismo_fuerte_relativismo,directo,Approved direct legacy label for the canonical Arbor contract.,False,True,from market to market bioprospecting s idioms of inclusion,10.1525/ae.2003.30.3.359,3ea1d29e1a68415b15099ec203ce94412c8ad0358519e8bfa5b4325196865761,empirico,empirico,,True,insufficient_evidence,Anthropology of science; Bioprospecting; Globalization; Indigenous rights; Intellectual property; Latin America; Mexico,,True,True,"In this article I explore how ""community"" and its foil, the (urban) market, provide competing models for the market-mediated modes of inclusion and exclusion on offer through bioprospecting agreements. Focusing on the collecting strategies of Mexican scientists implementing one such agreement, I show how community and market inform prospecting participants' ideas not just about (re)distributing benefits but also about managing the political liabilities now haunting corporate resource extraction in the South.

Author Keywords: Anthropology of science; Bioprospecting; Globalization; Indigenous rights; Intellectual property; Latin America; Mexico",abstract_plus_keywords,1,0,0,0,participants
muestras:Muestras:48,muestras,Muestras,Remaking Participation in Science and Democracy,"Over the past few decades, significant advances have been made in public engagement with, and the democratization of, science and technology. Despite notable successes, such developments have often struggled to enhance public trust, avert crises of expertise and democracy, and build more socially responsive and responsible science and innovation. A central reason for this is that mainstream approaches to public engagement harbor what we call “residual realist” assumptions about participation and publics. Recent coproductionist accounts in science and technology studies (STS) offer an alternative way of seeing participation as coproduced, relational, diverse, and emergent but have been somewhat reluctant to articulate what this means in practice. In this paper, we make this move by setting out a new framework of interrelating paths and associated criteria for remaking public participation with science and democracy in more experimental, reflexive, anticipatory, and responsible ways. This framework comprises four paths to: forge reflexive participatory practices that attend to their framings, emergence, uncertainties, and effects; ecologize participation through attending to the interrelations between diverse public engagements in wider systems; catalyze practices of anticipatory reflection to bring about responsible democratic innovations; and reconstitute participation as constitutive of (not separate from) systems of technoscience and democracy. © The Author(s) 2019.",2020,10.1177/0162243919850885,Tipo 5 CM,Tipo 5 - Constructivismo moderado,tipo_5_constructivismo_moderado,directo,Approved direct legacy label for the canonical Arbor contract.,False,True,remaking participation in science and democracy,10.1177/0162243919850885,66256438df1abf6a97f3e883e6be2db2c2617375b8c3a2033ce08ecc7c2d582b,empirico,empirico,,True,insufficient_evidence,coproductionist; ecologies; experiments; framework; mapping; public participation in science and democracy; reflexivity; residual realism; responsible democratic innovations,,True,True,"Over the past few decades, significant advances have been made in public engagement with, and the democratization of, science and technology. Despite notable successes, such developments have often struggled to enhance public trust, avert crises of expertise and democracy, and build more socially responsive and responsible science and innovation. A central reason for this is that mainstream approaches to public engagement harbor what we call “residual realist” assumptions about participation and publics. Recent coproductionist accounts in science and technology studies (STS) offer an alternative way of seeing participation as coproduced, relational, diverse, and emergent but have been somewhat reluctant to articulate what this means in practice. In this paper, we make this move by setting out a new framework of interrelating paths and associated criteria for remaking public participation with science and democracy in more experimental, reflexive, anticipatory, and responsible ways. This framework comprises four paths to: forge reflexive participatory practices that attend to their framings, emergence, uncertainties, and effects; ecologize participation through attending to the interrelations between diverse public engagements in wider systems; catalyze practices of anticipatory reflection to bring about responsible democratic innovations; and reconstitute participation as constitutive of (not separate from) systems of technoscience and democracy. © The Author(s) 2019.

Author Keywords: coproductionist; ecologies; experiments; framework; mapping; public participation in science and democracy; reflexivity; residual realism; responsible democratic innovations",abstract_plus_keywords,1,0,0,0,experiment
muestras:Muestras:53,muestras,Muestras,Integrate the integrators! A call for establishing academic careers for integration experts,"Integration is often considered the core challenge and the defining characteristic of inter- and trans-disciplinary (ITD) research. Given its importance, it is surprising that the current system of higher education does not provide permanent positions for integration experts; i.e., experts who lead, administer, manage, monitor, assess, accompany, and/or advise others on integration within ITD projects or programs. Based on empirical results of an ITD 2019 Conference Workshop entitled “Is there a new profession of integration experts on the rise?” held in Gothenburg, Sweden, and our own experience in leading and studying ITD integration, the present article sheds light on the overarching question, “What are integration experts?”, thus contributing to the emerging literature on integration and integration expertise. We use direct quotes from participants to substantiate workshop results and triangulate them with recent literature on ITD research as well as Science of Team Science (SciTS) and Science and Technology Studies (STS). We conclude our article by discussing possible unintended consequences of establishing academic careers for integration experts, and suggest four complementary ways to support them, while mitigating potentially negative consequences: (a) establishing an international Community of Practice (CoP) to foster peer-to-peer exchange among integration experts, create greater visibility, and develop ideas for transforming academic structures; (b) studying academic careers of integration experts to provide empirical evidence of “successful” examples and disclose different ways of establishing related academic positions; (c) funding respective positions and aligning metrics for ITD research to foster integration within ITD projects or programs; and (d) engaging in collaborative dialog with academic institutions and funding agencies to present empirical results and lessons learnt from (a) and (b) to support them in establishing and legitimating careers for integration experts. If academia is to be serious about addressing the most pressing environmental and societal problems of our time, it needs to integrate its integrators. © 2022, The Author(s).",2022,10.1057/s41599-022-01138-z,Tipo 5 CM,Tipo 5 - Constructivismo moderado,tipo_5_constructivismo_moderado,directo,Approved direct legacy label for the canonical Arbor contract.,False,True,integrate the integrators a call for establishing academic careers for integration experts,10.1057/s41599-022-01138-z,b5bf46e4ef22384189399a4ba75ec2b651fe81e605b833ee72be81865a9c7f30,empirico,empirico,,True,insufficient_evidence,,,False,False,"Integration is often considered the core challenge and the defining characteristic of inter- and trans-disciplinary (ITD) research. Given its importance, it is surprising that the current system of higher education does not provide permanent positions for integration experts; i.e., experts who lead, administer, manage, monitor, assess, accompany, and/or advise others on integration within ITD projects or programs. Based on empirical results of an ITD 2019 Conference Workshop entitled “Is there a new profession of integration experts on the rise?” held in Gothenburg, Sweden, and our own experience in leading and studying ITD integration, the present article sheds light on the overarching question, “What are integration experts?”, thus contributing to the emerging literature on integration and integration expertise. We use direct quotes from participants to substantiate workshop results and triangulate them with recent literature on ITD research as well as Science of Team Science (SciTS) and Science and Technology Studies (STS). We conclude our article by discussing possible unintended consequences of establishing academic careers for integration experts, and suggest four complementary ways to support them, while mitigating potentially negative consequences: (a) establishing an international Community of Practice (CoP) to foster peer-to-peer exchange among integration experts, create greater visibility, and develop ideas for transforming academic structures; (b) studying academic careers of integration experts to provide empirical evidence of “successful” examples and disclose different ways of establishing related academic positions; (c) funding respective positions and aligning metrics for ITD research to foster integration within ITD projects or programs; and (d) engaging in collaborative dialog with academic institutions and funding agencies to present empirical results and lessons learnt from (a) and (b) to support them in establishing and legitimating careers for integration experts. If academia is to be serious about addressing the most pressing environmental and societal problems of our time, it needs to integrate its integrators. © 2022, The Author(s).",abstract_plus_keywords,2,0,0,0,empirical | participants
muestras:Muestras:56,muestras,Muestras,Teaching methods for systematic inventive problem-solving: Evaluation of a course for teachers,"Systematic inventive problem-solving is an approach for finding original and useful ideas by systematically examining alterations in existing components within a system, their attributes, functions or internal relationships. This method, which aims at complementing divergent thinking in problem-solving and design, is gaining increased attention in industrial and academic frameworks. The current study examined how science and technology teachers learn, internalize and use the method within an academic course. Data were collected through pre-course and post-course quizzes and questionnaires, documentation of students’ activities, and interviews. The results showed that individuals can improve their problem-solving abilities by combining methods based on ‘ordered thinking’ and ‘disordered thinking,’ and that none of these approaches has preference over the other. Considerable additional work is required, however, to investigate how the proposed approach could be used to foster creative thinking in science and technology studies at school. © 2006, Taylor & Francis Group, LLC.",2006,10.1080/02635140600811668,Tipo 4 PE,Tipo 4 - Pragmatismo epistemologico,tipo_4_pragmatismo_epistemologico,directo,Approved direct legacy label for the canonical Arbor contract.,False,True,teaching methods for systematic inventive problem solving evaluation of a course for teachers,10.1080/02635140600811668,db89174330bfdf8c606ca0e6ebc741884a375bec1646f4b6be4684ee64c07c2b,empirico,empirico,,True,conflicting_cues,,,False,False,"Systematic inventive problem-solving is an approach for finding original and useful ideas by systematically examining alterations in existing components within a system, their attributes, functions or internal relationships. This method, which aims at complementing divergent thinking in problem-solving and design, is gaining increased attention in industrial and academic frameworks. The current study examined how science and technology teachers learn, internalize and use the method within an academic course. Data were collected through pre-course and post-course quizzes and questionnaires, documentation of students’ activities, and interviews. The results showed that individuals can improve their problem-solving abilities by combining methods based on ‘ordered thinking’ and ‘disordered thinking,’ and that none of these approaches has preference over the other. Considerable additional work is required, however, to investigate how the proposed approach could be used to foster creative thinking in science and technology studies at school. © 2006, Taylor & Francis Group, LLC.",abstract_plus_keywords,3,0,1,1,interview | questionnaire
muestras:Muestras:58,muestras,Muestras,"Profile of public laboratories, industrial partnerships and organisation of R & D: The dynamics of industrial relationships in a large research organisation","There is a paucity of papers dealing with the system characteristics of laboratories or, put in another way, the institutional character of research organisations. Neither R&D economics nor the sociology of science, as traditionally conceived, has made much headway in providing insight into sets of R&D laboratories and their evolution. Drawing upon an empirical study in the plant breeding and biochemical industry, this paper presents a typology of public research laboratories which is based on three dimensions: scientific production and visibility, type of funding (public or private) and homogeneity of research themes. Three types of public laboratory emerge: the first, called ""research centres for the profession"", is composed essentially of laboratories with close ties with small and medium firms (SMEs) and industry associations. The second, called ""designers of generic tools and methods"", is oriented towards basic research and themes of general interest to the industry as a whole. The third type, called ""basic and specialised laboratories"", strives to develop its scientific visibility. Contracts between this type of laboratory and industry are mainly bilateral and demonstrate the complementarity between public and private research. Each type of laboratory develops specific types of relationship with private partners. The authors have identified three logics underlying these relationships: proximity, market and club. The main objective of contracts based on a proximity logic is to test a hypothesis, while the knowledge produced is mostly tacit and specific. By contrast, knowledge is entirely coded and specific in the market logic, where the aim of the contract is to implement expertise in order to relieve a scientific bottleneck. In a club logic, the aim of contracts is to produce a technical referent. In each kind of contract, the learning trajectories, modes of co-ordination, role of trust and degree to which contracts are complete or not, are different.",1996,10.1016/0048-7333(96)00882-7,Tipo 1 RF,Tipo 1 - Realismo fuerte,tipo_1_realismo_fuerte,directo,Approved direct legacy label for the canonical Arbor contract.,False,True,profile of public laboratories industrial partnerships and organisation of r d the dynamics of industrial relationships in a large research organisation,10.1016/0048-7333(96)00882-7,55b91f6b49939afe65e1c3cef3514963c62d76c67c641611b55be8ca68440421,empirico,empirico,,True,insufficient_evidence,,,False,False,"There is a paucity of papers dealing with the system characteristics of laboratories or, put in another way, the institutional character of research organisations. Neither R&D economics nor the sociology of science, as traditionally conceived, has made much headway in providing insight into sets of R&D laboratories and their evolution. Drawing upon an empirical study in the plant breeding and biochemical industry, this paper presents a typology of public research laboratories which is based on three dimensions: scientific production and visibility, type of funding (public or private) and homogeneity of research themes. Three types of public laboratory emerge: the first, called ""research centres for the profession"", is composed essentially of laboratories with close ties with small and medium firms (SMEs) and industry associations. The second, called ""designers of generic tools and methods"", is oriented towards basic research and themes of general interest to the industry as a whole. The third type, called ""basic and specialised laboratories"", strives to develop its scientific visibility. Contracts between this type of laboratory and industry are mainly bilateral and demonstrate the complementarity between public and private research. Each type of laboratory develops specific types of relationship with private partners. The authors have identified three logics underlying these relationships: proximity, market and club. The main objective of contracts based on a proximity logic is to test a hypothesis, while the knowledge produced is mostly tacit and specific. By contrast, knowledge is entirely coded and specific in the market logic, where the aim of the contract is to implement expertise in order to relieve a scientific bottleneck. In a club logic, the aim of contracts is to produce a technical referent. In each kind of contract, the learning trajectories, modes of co-ordination, role of trust and degree to which contracts are complete or not, are different.",abstract_plus_keywords,1,0,0,0,empirical
muestras:Muestras:61,muestras,Muestras,"“Fly Buddha to Mars”: The co-production between religiosity and science & technology at Longquan Monastery, Beijing","This article attempts at a re-theorization towards the symbiosis and co-production of religion, modern science and technology, inspired by theoretical thinking within geographies of religion and science and technology studies (STS). Recent scholarship on the geographies of religion has made substantive advancements in discerning the convergence of religion and secular modernity. However, science and technology (S&T), as an essential condition and driving force of secular modernity, remain peripheral to this ongoing theoretical agenda, yet to be fully incorporated into the analytical framework about the co-constitution of religion and secular modernity, arguably because of the entrench divide between the rationalism of science and metaphysical thinking underlying religion. This paper addresses this issue by foregrounding the social and cultural constitution of science and in particular, its susceptibility to religious and spiritual sensibilities. Through an empirical case of Longquan Monastery, a Buddhist monastery in Beijing, China, this paper shows how the monastery brings S&T and Buddhism into close encounter in order to enrich both – in particular, we examine how Buddhism is appropriated to address the spiritual alienation caused by technological domination, how Buddhism acts as an alternative source of inspiration for technological creativity, and how Buddhist institutions reinvent themselves as rational and scientific to cater to a religious clientele socialized into modern scientific progress. Through the dialogue with STS, this research further contributes to addressing enduring concerns in the geographies of religion with religious spaces and practices as context-specific and spatially variable. © 2024 Elsevier Ltd",2024,10.1016/j.geoforum.2024.103948,Tipo 5 CM,Tipo 5 - Constructivismo moderado,tipo_5_constructivismo_moderado,directo,Approved direct legacy label for the canonical Arbor contract.,False,True,fly buddha to mars the co production between religiosity and science technology at longquan monastery beijing,10.1016/j.geoforum.2024.103948,657a438c6a16d448592f671de59ee7b1c473511d87bfa0b562f7f9363e11eb79,,,,True,conflicting_cues,Chinese Buddhism; Co-production; Geographies of religion; Postsecularity; Science and Technology Studies (STS),Beijing [Beijing (ADS)]; Beijing [China]; China; cultural geography; cultural influence; cultural relations; religion; science and technology; theoretical study,True,True,"This article attempts at a re-theorization towards the symbiosis and co-production of religion, modern science and technology, inspired by theoretical thinking within geographies of religion and science and technology studies (STS). Recent scholarship on the geographies of religion has made substantive advancements in discerning the convergence of religion and secular modernity. However, science and technology (S&T), as an essential condition and driving force of secular modernity, remain peripheral to this ongoing theoretical agenda, yet to be fully incorporated into the analytical framework about the co-constitution of religion and secular modernity, arguably because of the entrench divide between the rationalism of science and metaphysical thinking underlying religion. This paper addresses this issue by foregrounding the social and cultural constitution of science and in particular, its susceptibility to religious and spiritual sensibilities. Through an empirical case of Longquan Monastery, a Buddhist monastery in Beijing, China, this paper shows how the monastery brings S&T and Buddhism into close encounter in order to enrich both – in particular, we examine how Buddhism is appropriated to address the spiritual alienation caused by technological domination, how Buddhism acts as an alternative source of inspiration for technological creativity, and how Buddhist institutions reinvent themselves as rational and scientific to cater to a religious clientele socialized into modern scientific progress. Through the dialogue with STS, this research further contributes to addressing enduring concerns in the geographies of religion with religious spaces and practices as context-specific and spatially variable. © 2024 Elsevier Ltd

Author Keywords: Chinese Buddhism; Co-production; Geographies of religion; Postsecularity; Science and Technology Studies (STS) | Index Keywords: Beijing [Beijing (ADS)]; Beijing [China]; China; cultural geography; cultural influence; cultural relations; religion; science and technology; theoretical study",abstract_plus_keywords,1,1,0,0,empirical | theoretical
muestras:Muestras:62,muestras,Muestras,The Politics of Expertise in Genomics Policy and Law,"Genomics and biotechnology have generated controversy for decades, about the moral limits of tinkering with and commodifying life, the boundary between nature and technology, the respectful treatment of research participants, and the proper evaluation of emerging technologies. Socio-legal and science and technology studies scholars have demonstrated how the resolution of these questions has serious implications for both science and the law, including the appropriate conduct and direction of scientific research and the construction of legal categories and rights. This article demonstrates that these conflicts also have profound impacts on the politics of science and technology, and particularly approaches to relevant knowledge and expertise. Humanities, social scientific, legal, and lay knowledge asserted themselves through the establishment of human genetics research and battles over the ownership of biological materials and data. However, US political culture-which favors technical and market knowledge-constrained their authority. Cross-national comparison highlights this finding, as other jurisdictions have been more inclusive in their approaches to science and technology governance. Copyright © 2024 by the author(s).",2024,10.1146/annurev-lawsocsci-041822-041426,Tipo 5 CM,Tipo 5 - Constructivismo moderado,tipo_5_constructivismo_moderado,directo,Approved direct legacy label for the canonical Arbor contract.,False,True,the politics of expertise in genomics policy and law,10.1146/annurev-lawsocsci-041822-041426,416ee6a17a806420bb1dc05dd3ab4dab1b019d0e683a7116ada3fb2ceb02369e,empirico,empirico,,True,insufficient_evidence,bioethics; data sovereignty; expertise; genomics; innovation; patents,,True,True,"Genomics and biotechnology have generated controversy for decades, about the moral limits of tinkering with and commodifying life, the boundary between nature and technology, the respectful treatment of research participants, and the proper evaluation of emerging technologies. Socio-legal and science and technology studies scholars have demonstrated how the resolution of these questions has serious implications for both science and the law, including the appropriate conduct and direction of scientific research and the construction of legal categories and rights. This article demonstrates that these conflicts also have profound impacts on the politics of science and technology, and particularly approaches to relevant knowledge and expertise. Humanities, social scientific, legal, and lay knowledge asserted themselves through the establishment of human genetics research and battles over the ownership of biological materials and data. However, US political culture-which favors technical and market knowledge-constrained their authority. Cross-national comparison highlights this finding, as other jurisdictions have been more inclusive in their approaches to science and technology governance. Copyright © 2024 by the author(s).

Author Keywords: bioethics; data sovereignty; expertise; genomics; innovation; patents",abstract_plus_keywords,1,0,0,0,participants
muestras:Muestras:82,muestras,Muestras,The Institutionalization of Kübler-Ross’s Five-Stage Model of Death and Dying,"Kübler-Ross’s five-stage model of death and dying—denial, anger, bargaining, depression, and acceptance—is one of the most popular theoretical models to come out of the 20th century. How did an obscure theory of the dying process come to dominate our understanding of emotional processes altogether? Building on previous work in the sociology of knowledge, I analyze the diffusion and institutionalization of Kübler-Ross’s five-stage model in scientific and journalistic fields. Specifically, I analyze all 3216 citations of Kübler-Ross in the New York Times and the Web of Science database using qualitative and quantitative text analysis. I demonstrate how early scientific interest and commercial promotion led to adoption in popular culture, and document how the five-stage model expanded to cover everything from rent prices to COVID-19. I also argue that renewed interest in Kübler-Ross’s work may signal contemporary attempts to mine the tradition for meaningful understandings of death and dying. © The Author(s) 2022.",2024,10.1177/00302228221098893,Tipo 5 CM,Tipo 5 - Constructivismo moderado,tipo_5_constructivismo_moderado,directo,Approved direct legacy label for the canonical Arbor contract.,False,True,the institutionalization of kubler ross s five stage model of death and dying,10.1177/00302228221098893,535a2ff497d1f87c8a63d4b263a695c5b44a02909b1e3898fd80646b7837d98c,empirico,empirico,,True,conflicting_cues,cultural sociology; death; diffusion; institutionalization; text analysis,"Attitude to Death; COVID-19; Death; Depression; History, 20th Century; Humans; Models, Psychological; attitude to death; coronavirus disease 2019; death; depression; history; human; psychological model; psychology",True,True,"Kübler-Ross’s five-stage model of death and dying—denial, anger, bargaining, depression, and acceptance—is one of the most popular theoretical models to come out of the 20th century. How did an obscure theory of the dying process come to dominate our understanding of emotional processes altogether? Building on previous work in the sociology of knowledge, I analyze the diffusion and institutionalization of Kübler-Ross’s five-stage model in scientific and journalistic fields. Specifically, I analyze all 3216 citations of Kübler-Ross in the New York Times and the Web of Science database using qualitative and quantitative text analysis. I demonstrate how early scientific interest and commercial promotion led to adoption in popular culture, and document how the five-stage model expanded to cover everything from rent prices to COVID-19. I also argue that renewed interest in Kübler-Ross’s work may signal contemporary attempts to mine the tradition for meaningful understandings of death and dying. © The Author(s) 2022.

Author Keywords: cultural sociology; death; diffusion; institutionalization; text analysis | Index Keywords: Attitude to Death; COVID-19; Death; Depression; History, 20th Century; Humans; Models, Psychological; attitude to death; coronavirus disease 2019; death; depression; history; human; psychological model; psychology",abstract_plus_keywords,2,1,1,1,qualitative | quantitative | theoretical
muestras:Muestras:88,muestras,Muestras,"Theorising Cyber (In)Security: Information, Materiality, and Entropic Security","scrutinised for its compatibility with conventional security theories, concepts, and understandings, particularly with that of military security. This book, however, argues that cybersecurity differs profoundly from many other security sectors because of the ontological nature of ‘information’ that sits at the heart of this field. Through this new framework, the book investigates three key empirical challenges in cybersecurity that are co-produced by its informational ontology: (1) the disordered nature of cybersecurity and its tendency towards increasing insecurity as a manifestation of the intrinsic uncertainties in information systems; (2) the unpredictable and unintended consequences resulting from autonomous cyber-attacks that challenge human control of cybersecurity environments; and (3) the persistent harms engendered by ‘mundane’ cyber threats that do not fit within conventional understandings of existentiality in security theories. Through a detailed analysis of cybersecurity discourses and practices in the USA (2003-present), the book goes on to show how these complex cybersecurity challenges are better analysed and theorised through the new information-theoretic notion of ‘entropic security’. This book will be of much interest to students of cyber-security, critical security studies, science and technology studies and International Relations in general. © 2025 Noran Shafik Fouad. All rights reserved.",2024,10.4324/9781003454113,Tipo 5 CM,Tipo 5 - Constructivismo moderado,tipo_5_constructivismo_moderado,directo,Approved direct legacy label for the canonical Arbor contract.,False,True,theorising cyber in security information materiality and entropic security,10.4324/9781003454113,bd8162b49e7f29527865c538b4e5939bb189a4d4e518bcbf662a9d13cb902aac,empirico,empirico,,True,insufficient_evidence,,,False,False,"scrutinised for its compatibility with conventional security theories, concepts, and understandings, particularly with that of military security. This book, however, argues that cybersecurity differs profoundly from many other security sectors because of the ontological nature of ‘information’ that sits at the heart of this field. Through this new framework, the book investigates three key empirical challenges in cybersecurity that are co-produced by its informational ontology: (1) the disordered nature of cybersecurity and its tendency towards increasing insecurity as a manifestation of the intrinsic uncertainties in information systems; (2) the unpredictable and unintended consequences resulting from autonomous cyber-attacks that challenge human control of cybersecurity environments; and (3) the persistent harms engendered by ‘mundane’ cyber threats that do not fit within conventional understandings of existentiality in security theories. Through a detailed analysis of cybersecurity discourses and practices in the USA (2003-present), the book goes on to show how these complex cybersecurity challenges are better analysed and theorised through the new information-theoretic notion of ‘entropic security’. This book will be of much interest to students of cyber-security, critical security studies, science and technology studies and International Relations in general. © 2025 Noran Shafik Fouad. All rights reserved.",abstract_plus_keywords,1,0,0,0,empirical
muestras:Muestras:94,muestras,Muestras,Undone science: Charting social movement and civil society challenges to research agenda setting,"""Undone science"" refers to areas of research that are left unfunded, incomplete, or generally ignored but that social movements or civil society organizations often identify as worthy of more research. This study mobilizes four recent studies to further elaborate the concept of undone science as it relates to the political construction of research agendas. Using these cases, we develop the argument that undone science is part of a broader politics of knowledge, wherein multiple and competing groups struggle over the construction and implementation of alternative research agendas. Overall, the study demonstrates the analytic potential of the concept of undone science to deepen understanding of the systematic nonproduction of knowledge in the institutional matrix of state, industry, and social movements that is characteristic of recent calls for a ""new political sociology of science."". © 2010 The Author(s).",2010,10.1177/0162243909345836,Tipo 5 CM,Tipo 5 - Constructivismo moderado,tipo_5_constructivismo_moderado,directo,Approved direct legacy label for the canonical Arbor contract.,False,True,undone science charting social movement and civil society challenges to research agenda setting,10.1177/0162243909345836,c4e2c0c2b373c9abee7af516f946e40bdfe3dc15b51fd7d3c63cbb8e7ddb693c,empirico,empirico,,True,insufficient_evidence,Environmental health; Research agendas; Science policy; Social movements; Undone science,,True,True,"""Undone science"" refers to areas of research that are left unfunded, incomplete, or generally ignored but that social movements or civil society organizations often identify as worthy of more research. This study mobilizes four recent studies to further elaborate the concept of undone science as it relates to the political construction of research agendas. Using these cases, we develop the argument that undone science is part of a broader politics of knowledge, wherein multiple and competing groups struggle over the construction and implementation of alternative research agendas. Overall, the study demonstrates the analytic potential of the concept of undone science to deepen understanding of the systematic nonproduction of knowledge in the institutional matrix of state, industry, and social movements that is characteristic of recent calls for a ""new political sociology of science."". © 2010 The Author(s).

Author Keywords: Environmental health; Research agendas; Science policy; Social movements; Undone science",abstract_plus_keywords,1,0,0,0,this study
muestras:Muestras:96,muestras,Muestras,"“THE BEATLES WITH THE LOWER SCORE, IT BREAKS MY HEART”: Framing a media education response to datafication and algorithmic recommendations in digital media infrastructures","Individuals are now deeply engaged with digital infrastructures which present tailored content through recommendation algorithms. The importance and uncanniness of these digital infrastructures is of increasing concern. Despite their influence on media practices and the consumption of cultural goods, algorithmic operations remain largely opaque and little understood. This chapter will present a media education initiative that bridges theoretical contributions coming from media education scholars and science and technology studies. The initiative was built on a design-based approach and took the form of an educational pen-and-paper game called “In the Shoes of an Algorithm” leading participants to act as YouTube engineers and algorithms. The game was developed and tested over a dozen of two-hour-long recorded sessions with about 200 high school and university students, public and academic workers. The game was created both to discover and address the daily problems experienced by the public when interacting with recommendation algorithms. The game achieved two educational outcomes: understanding the importance of social data collected by these infrastructures and the entanglement of technical constraints and social objectives, achieved when designing computational rules. © 2022 selection and editorial matter, Luci Pangrazio, Julian Sefton-Green; individual chapters, the contributors.",2022,10.4324/9781003136842-8,Tipo 5 CM,Tipo 5 - Constructivismo moderado,tipo_5_constructivismo_moderado,directo,Approved direct legacy label for the canonical Arbor contract.,False,True,the beatles with the lower score it breaks my heart framing a media education response to datafication and algorithmic recommendations in digital media infrastructures,10.4324/9781003136842-8,b0f9f0c808ac63f143869d200aaba73b06496172585e6aa86dd321c3df45434c,,,,True,conflicting_cues,,,False,False,"Individuals are now deeply engaged with digital infrastructures which present tailored content through recommendation algorithms. The importance and uncanniness of these digital infrastructures is of increasing concern. Despite their influence on media practices and the consumption of cultural goods, algorithmic operations remain largely opaque and little understood. This chapter will present a media education initiative that bridges theoretical contributions coming from media education scholars and science and technology studies. The initiative was built on a design-based approach and took the form of an educational pen-and-paper game called “In the Shoes of an Algorithm” leading participants to act as YouTube engineers and algorithms. The game was developed and tested over a dozen of two-hour-long recorded sessions with about 200 high school and university students, public and academic workers. The game was created both to discover and address the daily problems experienced by the public when interacting with recommendation algorithms. The game achieved two educational outcomes: understanding the importance of social data collected by these infrastructures and the entanglement of technical constraints and social objectives, achieved when designing computational rules. © 2022 selection and editorial matter, Luci Pangrazio, Julian Sefton-Green; individual chapters, the contributors.",abstract_plus_keywords,1,1,0,0,participants | theoretical
muestras:Muestras:97,muestras,Muestras,Reconnecting Marketing to Markets,"This book proposes a novel research agenda for marketing to reconnect with markets. The historical link between marketing and markets, prevalent until the 1960s, gave way to a view of marketing as addressing generic rather than economic exchange. By focusing on generic exchange, marketing portrays itself as portable set of tools applicable to markets and non-markets alike. This book challenges this view, proposing instead a close examination of what makes exchanges economic in nature, and how economic exchanges aggregate to produce markets. By re-establishing the connection between marketing and markets, this book argues that marketing produces markets: marketing practices and theories play a significant role in the production of markets and in the configuration of the entities and phenomena that populate markets. The book brings together scholars from the fields of marketing, organization studies, economic sociology, and science and technology studies, who share an interest in markets as socio-technical constructions and the performative role of academic and lay theories in producing economic orderings. The chapters cover a wide range of empirical settings including consumption, traditional and online retailing, product development, category management, trading zones and obstacles to exchange, business associations and political actors, liberalized markets, loyalty schemes and competition rules, and Fair Trade goods. These chapters illustrate the variety of agents, beyond buyers and sellers, that partake in the construction of markets such as the specialist trade press, business associations, regulatory bodies, and NGOs. © Oxford University Press, 2010. All rights reserved.",2010,10.1093/acprof:oso/9780199578061.001.0001,Tipo 5 CM,Tipo 5 - Constructivismo moderado,tipo_5_constructivismo_moderado,directo,Approved direct legacy label for the canonical Arbor contract.,False,True,reconnecting marketing to markets,10.1093/acprof:oso/9780199578061.001.0001,74d76a3aff3a815b780ef91b48d97efbc497414fd10c0aa22f5e41083700ea55,empirico,empirico,,True,insufficient_evidence,Economic sociology; Exchange; Management; Marketing; Markets; Materiality; Performativity; Practices,,True,True,"This book proposes a novel research agenda for marketing to reconnect with markets. The historical link between marketing and markets, prevalent until the 1960s, gave way to a view of marketing as addressing generic rather than economic exchange. By focusing on generic exchange, marketing portrays itself as portable set of tools applicable to markets and non-markets alike. This book challenges this view, proposing instead a close examination of what makes exchanges economic in nature, and how economic exchanges aggregate to produce markets. By re-establishing the connection between marketing and markets, this book argues that marketing produces markets: marketing practices and theories play a significant role in the production of markets and in the configuration of the entities and phenomena that populate markets. The book brings together scholars from the fields of marketing, organization studies, economic sociology, and science and technology studies, who share an interest in markets as socio-technical constructions and the performative role of academic and lay theories in producing economic orderings. The chapters cover a wide range of empirical settings including consumption, traditional and online retailing, product development, category management, trading zones and obstacles to exchange, business associations and political actors, liberalized markets, loyalty schemes and competition rules, and Fair Trade goods. These chapters illustrate the variety of agents, beyond buyers and sellers, that partake in the construction of markets such as the specialist trade press, business associations, regulatory bodies, and NGOs. © Oxford University Press, 2010. All rights reserved.

Author Keywords: Economic sociology; Exchange; Management; Marketing; Markets; Materiality; Performativity; Practices",abstract_plus_keywords,1,0,0,0,empirical
muestras:Muestras:100,muestras,Muestras,Women and science: Issues and perspectives in the Indian context,"The analyses of science from sociological, philosophical, and historical perspectives show that it is socially and culturally constructed in a large measure, and the norms and values of society and scientists reflect in the representation of knowledge. Ideologies of gender, nature, and science that arose in the seventeenth century supported the increasing split between a man's and women's worlds and between the public and private spheres; and supported the exclusion of women from intellectual pursuits such as science. According to feminists, sociologists of scientific knowledge have been slower to recognise that science and technology reflect and reinforce the interests of patriarchy (Harding, 1986). Various studies and surveys done in sociology of science have substantiated that women have neither received sufficient opportunities to be a part of science nor have they got the due credits for their contribution towards the progress of science (Eisenhart and Finkel, 1988; Rose, 1994; Wenneras and Wold, 1997). Women's studies in the 1970s seeking to understand the roots of women's subordination pointed out biology, gender socialisation, economy, sexual division of work, and so on, as various reasons for it. In the 1980s, feminist theorising increasingly questioned the androgynous model of human nature. It aimed at recovering women's culture and critiqued masculine ideology by pointing to the interconnections between women's subordination and the destruction of the environment (Poonacha, 2003). They also highlighted the fallacy of gender-neutrality of science and brought out the gendered norms within the culture and practice of science which act to the detriment of women in general, and women scientists in particular. © Cambridge University Press India Pvt. Ltd.",2011,10.1017/9789382264965.013,Tipo 2 RM,Tipo 2 - Realismo moderado / critico,tipo_2_realismo_moderado_critico,fusionado,Approved alias merge into canonical Type 2.,False,True,women and science issues and perspectives in the indian context,10.1017/9789382264965.013,3e8b073d6de304aca001165c000b716dcd11af14d6a64479490360c54b2f725e,,,,True,conflicting_cues,,,False,False,"The analyses of science from sociological, philosophical, and historical perspectives show that it is socially and culturally constructed in a large measure, and the norms and values of society and scientists reflect in the representation of knowledge. Ideologies of gender, nature, and science that arose in the seventeenth century supported the increasing split between a man's and women's worlds and between the public and private spheres; and supported the exclusion of women from intellectual pursuits such as science. According to feminists, sociologists of scientific knowledge have been slower to recognise that science and technology reflect and reinforce the interests of patriarchy (Harding, 1986). Various studies and surveys done in sociology of science have substantiated that women have neither received sufficient opportunities to be a part of science nor have they got the due credits for their contribution towards the progress of science (Eisenhart and Finkel, 1988; Rose, 1994; Wenneras and Wold, 1997). Women's studies in the 1970s seeking to understand the roots of women's subordination pointed out biology, gender socialisation, economy, sexual division of work, and so on, as various reasons for it. In the 1980s, feminist theorising increasingly questioned the androgynous model of human nature. It aimed at recovering women's culture and critiqued masculine ideology by pointing to the interconnections between women's subordination and the destruction of the environment (Poonacha, 2003). They also highlighted the fallacy of gender-neutrality of science and brought out the gendered norms within the culture and practice of science which act to the detriment of women in general, and women scientists in particular. © Cambridge University Press India Pvt. Ltd.",abstract_plus_keywords,2,2,0,1,perspective | philosophical | survey
